,name,image
0,Affenpinscher,https://upload.wikimedia.org/wikipedia/commons/thumb/1/17/Affenpinscher.jpg/400px-Affenpinscher.jpg
1,Afghan Hound,https://upload.wikimedia.org/wikipedia/commons/thumb/f/fe/Afghan_Hound.jpg/400px-Afghan_Hound.jpg
2,Afghan Shepherd,https://upload.wikimedia.org/wikipedia/commons/thumb/e/e6/Afghan_Shepherd.jpg/400px-Afghan_Shepherd.jpg
3,Aidi,https://upload.wikimedia.org/wikipedia/commons/thumb/e/e8/Aidi.jpg/400px-Aidi.jpg
4,Airedale Terrier,https://upload.wikimedia.org/wikipedia/commons/5/52/Airedale_Terrier.jpg
5,Akbash,https://upload.wikimedia.org/wikipedia/commons/thumb/5/5d/Akbash_Dog_male_2016.jpg/400px-Akbash_Dog_male_2016.jpg
6,Akita,https://upload.wikimedia.org/wikipedia/commons/thumb/6/6a/Akita_Inu_Fond_Blanc.jpg/400px-Akita_Inu_Fond_Blanc.jpg
7,Alano Español,https://upload.wikimedia.org/wikipedia/commons/0/0f/Alano-espanol-0003.jpg
8,Alapaha Blue Blood Bulldog,https://upload.wikimedia.org/wikipedia/commons/thumb/a/a3/Alapaha_Blue-Blood_Bulldog.jpg/400px-Alapaha_Blue-Blood_Bulldog.jpg
9,Alaskan husky,https://upload.wikimedia.org/wikipedia/commons/thumb/2/2a/Idol_swingley.jpg/400px-Idol_swingley.jpg
10,Alaskan Klee Kai,https://upload.wikimedia.org/wikipedia/commons/thumb/5/54/WOWAKK-Kukai-Alaskan-Klee-Kai.jpg/400px-WOWAKK-Kukai-Alaskan-Klee-Kai.jpg
11,Alaskan Malamute,https://upload.wikimedia.org/wikipedia/commons/thumb/1/16/Alaskanmalamute0b.jpg/400px-Alaskanmalamute0b.jpg
12,Alaunt,https://upload.wikimedia.org/wikipedia/commons/thumb/8/8e/Jacopo_del_Sallaio.jpg/400px-Jacopo_del_Sallaio.jpg
13,Alopekis,https://upload.wikimedia.org/wikipedia/commons/thumb/c/cd/Oropedia_Anavras_1_%282%29_%28Medium%29.jpg/400px-Oropedia_Anavras_1_%282%29_%28Medium%29.jpg
14,Alpine Dachsbracke,https://upload.wikimedia.org/wikipedia/commons/thumb/2/23/Alpejski_go%C5%84czy_kr%C3%B3tkono%C5%BCny_g99.jpg/400px-Alpejski_go%C5%84czy_kr%C3%B3tkono%C5%BCny_g99.jpg
15,Alpine Mastiff,https://upload.wikimedia.org/wikipedia/commons/thumb/6/68/1815_Alpine_Mastiff.jpg/400px-1815_Alpine_Mastiff.jpg
16,Alpine Spaniel,https://upload.wikimedia.org/wikipedia/commons/thumb/0/07/Alpine_spaniel.jpg/400px-Alpine_spaniel.jpg
17,American Akita,https://upload.wikimedia.org/wikipedia/commons/5/5d/American_akita.jpg
18,American Bully,https://upload.wikimedia.org/wikipedia/commons/thumb/3/33/Jaxson_-_American_Bully_Pocket_Male_%288599222904%29.jpg/400px-Jaxson_-_American_Bully_Pocket_Male_%288599222904%29.jpg
19,American Bulldog,https://upload.wikimedia.org/wikipedia/commons/thumb/6/60/Saylor%27s_Doc_Holliday.jpg/400px-Saylor%27s_Doc_Holliday.jpg
20,American Cocker Spaniel,https://upload.wikimedia.org/wikipedia/commons/thumb/2/21/American_Cocker_in_Tallinn_2.JPG/400px-American_Cocker_in_Tallinn_2.JPG
21,American English Coonhound,https://upload.wikimedia.org/wikipedia/commons/2/28/English_Coonhound.jpg
22,American Eskimo Dog,https://upload.wikimedia.org/wikipedia/commons/thumb/4/47/American_Eskimo_Dog.jpg/400px-American_Eskimo_Dog.jpg
23,American Foxhound,https://upload.wikimedia.org/wikipedia/commons/thumb/e/e7/AmericanFoxhound2.jpg/400px-AmericanFoxhound2.jpg
24,American Hairless Terrier,https://upload.wikimedia.org/wikipedia/commons/thumb/b/ba/TagnonPond9-6-03.jpg/400px-TagnonPond9-6-03.jpg
25,American Leopard Cur,https://upload.wikimedia.org/wikipedia/commons/7/78/Lep2.jpg
26,American Pit Bull Terrier,https://upload.wikimedia.org/wikipedia/commons/thumb/0/0c/American_Pit_Bull_Terrier_-_Seated.jpg/400px-American_Pit_Bull_Terrier_-_Seated.jpg
27,American Staffordshire Terrier,https://upload.wikimedia.org/wikipedia/commons/thumb/6/66/AMERICAN_STAFFORDSHIRE_TERRIER%2C_Zican%E2%80%99s_Bz_Ez_Dragon_%2824208348891%29.2.jpg/400px-AMERICAN_STAFFORDSHIRE_TERRIER%2C_Zican%E2%80%99s_Bz_Ez_Dragon_%2824208348891%29.2.jpg
28,American Water Spaniel,https://upload.wikimedia.org/wikipedia/commons/thumb/5/5a/Chien_d%27eau_americain_champion_1.JPG/400px-Chien_d%27eau_americain_champion_1.JPG
29,Anatolian Shepherd Dog,https://upload.wikimedia.org/wikipedia/commons/thumb/8/88/Anatolian_589.jpg/400px-Anatolian_589.jpg
30,Andalusian Hound,https://upload.wikimedia.org/wikipedia/commons/thumb/c/c1/Podenco_chico_resized.jpg/400px-Podenco_chico_resized.jpg
31,Anglo-Français de Petite Vénerie,https://upload.wikimedia.org/wikipedia/commons/3/31/Anglo-Fran%C3%A7ais_de_petite_v%C3%A9nerie.jpg
32,Appenzeller Mountain Dog,https://upload.wikimedia.org/wikipedia/commons/thumb/4/40/Appenzeller_czer%C5%84_045.jpg/400px-Appenzeller_czer%C5%84_045.jpg
33,Argentine Pila Dog,https://upload.wikimedia.org/wikipedia/commons/f/fd/Perro-pila-pilichy.jpg
34,Argentine Polar Dog,https://upload.wikimedia.org/wikipedia/commons/thumb/0/0c/Simba02.jpg/400px-Simba02.jpg
35,Ariegeois,https://upload.wikimedia.org/wikipedia/commons/thumb/b/b8/Go%C5%84czy_059.jpg/400px-Go%C5%84czy_059.jpg
36,Armant,https://upload.wikimedia.org/wikipedia/commons/2/22/Armant_dog%2C_with_some_orange_stuff_and_trees_in_background.jpg
37,Armenian Gampr dog,https://upload.wikimedia.org/wikipedia/commons/0/0c/Gampr_Hamlik_Parsanyan_2.jpg
38,Artois Hound,https://upload.wikimedia.org/wikipedia/commons/c/ce/Artois_from_1915.JPG
39,Australian Cattle Dog,https://upload.wikimedia.org/wikipedia/commons/thumb/c/cc/ACD-blue-spud.jpg/400px-ACD-blue-spud.jpg
40,Australian Kelpie,https://upload.wikimedia.org/wikipedia/commons/thumb/7/75/Hilu_the_Australian_Kelpie_dog.jpg/400px-Hilu_the_Australian_Kelpie_dog.jpg
41,Australian Shepherd,https://upload.wikimedia.org/wikipedia/commons/thumb/3/30/Redtriaussie01.jpg/400px-Redtriaussie01.jpg
42,Australian Stumpy Tail Cattle Dog,https://upload.wikimedia.org/wikipedia/commons/thumb/1/16/Australian_Stumpy_Tail_Cattle_Dog.jpg/400px-Australian_Stumpy_Tail_Cattle_Dog.jpg
43,Australian Terrier,https://upload.wikimedia.org/wikipedia/commons/thumb/0/00/Australian_Terrier_002_U.jpg/400px-Australian_Terrier_002_U.jpg
44,Austrian Black and Tan Hound,https://upload.wikimedia.org/wikipedia/commons/thumb/a/ac/Brandlbracke.JPG/400px-Brandlbracke.JPG
45,Austrian Pinscher,https://upload.wikimedia.org/wikipedia/commons/thumb/5/54/Pinczer_austiacki_678.jpg/400px-Pinczer_austiacki_678.jpg
46,Azawakh,https://upload.wikimedia.org/wikipedia/commons/thumb/4/4b/Goumsao_De_Nulle_Part_Ailleurs_2014.jpg/400px-Goumsao_De_Nulle_Part_Ailleurs_2014.jpg
47,Bakharwal,https://user-images.githubusercontent.com/24848110/33519396-7e56363c-d79d-11e7-969b-09782f5ccbab.png
48,Barbado da Terceira,https://upload.wikimedia.org/wikipedia/commons/thumb/5/56/Barbado_da_Terceira_%28young_female%29.jpg/400px-Barbado_da_Terceira_%28young_female%29.jpg
49,Barbet,https://upload.wikimedia.org/wikipedia/commons/c/cf/Chien_de_race_Barbet.jpg
50,Basenji,https://upload.wikimedia.org/wikipedia/commons/thumb/5/59/Basenji_600.jpg/400px-Basenji_600.jpg
51,Basque Shepherd Dog,https://upload.wikimedia.org/wikipedia/commons/thumb/f/ff/Pastor_vasco_m_14months_loby_3018.jpg/400px-Pastor_vasco_m_14months_loby_3018.jpg
52,Basset Artésien Normand,https://upload.wikimedia.org/wikipedia/commons/thumb/e/e0/Grupp_6_BASSET_ART%C3%89SIEN_NORMAND%2C_Skogvaktarens_Queen_Sally_%2824180074612%29.jpg/400px-Grupp_6_BASSET_ART%C3%89SIEN_NORMAND%2C_Skogvaktarens_Queen_Sally_%2824180074612%29.jpg
53,Basset Bleu de Gascogne,https://upload.wikimedia.org/wikipedia/commons/thumb/4/47/Basset_bleu_de_Gascogne.jpg/400px-Basset_bleu_de_Gascogne.jpg
54,Basset Fauve de Bretagne,https://upload.wikimedia.org/wikipedia/commons/thumb/a/ad/Basset_Fauve_de_Bretagne_600.jpg/400px-Basset_Fauve_de_Bretagne_600.jpg
55,Basset Hound,https://upload.wikimedia.org/wikipedia/commons/thumb/a/ae/Basset%2C_Tallinn_4.JPG/400px-Basset%2C_Tallinn_4.JPG
56,Bavarian Mountain Hound,https://upload.wikimedia.org/wikipedia/commons/thumb/5/5d/Zoran_Spod_Ruskiej_Granicy_the_Bavarian_Mountain_Hound.jpg/400px-Zoran_Spod_Ruskiej_Granicy_the_Bavarian_Mountain_Hound.jpg
57,Beagle,https://upload.wikimedia.org/wikipedia/commons/thumb/5/55/Beagle_600.jpg/400px-Beagle_600.jpg
58,Beagle-Harrier,https://upload.wikimedia.org/wikipedia/commons/thumb/c/cd/Beagle_harrier.JPG/400px-Beagle_harrier.JPG
59,Bearded Collie,https://upload.wikimedia.org/wikipedia/commons/thumb/9/9c/Bearded_Collie_600.jpg/400px-Bearded_Collie_600.jpg
60,Beauceron,https://upload.wikimedia.org/wikipedia/commons/thumb/b/bc/Owczarek_francuski_beauceron_009pl.jpg/400px-Owczarek_francuski_beauceron_009pl.jpg
61,Bedlington Terrier,https://upload.wikimedia.org/wikipedia/commons/thumb/d/d0/Bedlington_Terriers.jpg/400px-Bedlington_Terriers.jpg
62,Belgian Shepherd Dog (Groenendael),https://upload.wikimedia.org/wikipedia/commons/thumb/c/c4/European_Groenendael_male.jpg/400px-European_Groenendael_male.jpg
63,Belgian Shepherd Dog (Laekenois),https://upload.wikimedia.org/wikipedia/commons/7/71/Fang-sitt-040728.jpg
64,Belgian Shepherd Dog (Malinois),https://upload.wikimedia.org/wikipedia/commons/thumb/6/69/Malinois_rybnik-kamien_pl.jpg/400px-Malinois_rybnik-kamien_pl.jpg
65,Belgian Shepherd Dog (Tervuren),https://upload.wikimedia.org/wikipedia/commons/9/99/Tervueren.jpg
66,Bergamasco Shepherd,https://upload.wikimedia.org/wikipedia/commons/thumb/e/e4/Ortensia_di_Valle_Scrivia.jpg/400px-Ortensia_di_Valle_Scrivia.jpg
67,Berger Blanc Suisse,https://upload.wikimedia.org/wikipedia/commons/thumb/7/7f/Sheba_of_White_Starlight_part.JPG/400px-Sheba_of_White_Starlight_part.JPG
68,Berger Picard,https://upload.wikimedia.org/wikipedia/commons/thumb/a/a9/BergerPicard.jpg/400px-BergerPicard.jpg
69,Bernese Mountain Dog,https://upload.wikimedia.org/wikipedia/commons/thumb/2/28/Berner_sennhund.jpg/400px-Berner_sennhund.jpg
70,Bichon Frisé,https://upload.wikimedia.org/wikipedia/commons/thumb/9/93/Bichon_Fris%C3%A9_-_studdogbichon.jpg/400px-Bichon_Fris%C3%A9_-_studdogbichon.jpg
71,Billy,https://upload.wikimedia.org/wikipedia/commons/a/a5/Poitou_Hound_from_1915.JPG
72,Black and Tan Coonhound,https://upload.wikimedia.org/wikipedia/commons/thumb/4/48/Black_and_Tan_Coonhound.jpg/400px-Black_and_Tan_Coonhound.jpg
73,Black and Tan Virginia Foxhound,https://user-images.githubusercontent.com/24848110/33519396-7e56363c-d79d-11e7-969b-09782f5ccbab.png
74,Black Norwegian Elkhound,https://upload.wikimedia.org/wikipedia/commons/thumb/a/a8/BlackNorwegianElkhound.jpg/400px-BlackNorwegianElkhound.jpg
75,Black Russian Terrier,https://upload.wikimedia.org/wikipedia/commons/thumb/c/cf/Czarny_terier_rosyjski_64.jpg/400px-Czarny_terier_rosyjski_64.jpg
76,Black Mouth Cur,https://upload.wikimedia.org/wikipedia/commons/3/3c/MurphysKassieBlackmouthAlabama2.jpg
77,Bloodhound,https://upload.wikimedia.org/wikipedia/commons/c/c6/Bloodhound_800.jpg
78,Blue Heeler,https://upload.wikimedia.org/wikipedia/commons/thumb/3/3c/Australian_Cattle_Dog_22.04.2012_5pl.jpg/400px-Australian_Cattle_Dog_22.04.2012_5pl.jpg
79,Blue Lacy,https://upload.wikimedia.org/wikipedia/commons/2/2b/BlueLacyPhoto1.jpg
80,Blue Paul Terrier,https://user-images.githubusercontent.com/24848110/33519396-7e56363c-d79d-11e7-969b-09782f5ccbab.png
81,Blue Picardy Spaniel,https://upload.wikimedia.org/wikipedia/commons/thumb/0/06/Epagneul_bleu_de_picardie_868.jpg/400px-Epagneul_bleu_de_picardie_868.jpg
82,Bluetick Coonhound,https://upload.wikimedia.org/wikipedia/commons/thumb/d/d6/BluetickCoonhound.jpg/400px-BluetickCoonhound.jpg
83,Boerboel,https://upload.wikimedia.org/wikipedia/commons/thumb/6/6f/Boerboel.jpg/400px-Boerboel.jpg
84,Bohemian Shepherd,https://upload.wikimedia.org/wikipedia/commons/thumb/e/e8/IRLUKA_KROSANDRA_%281%29.jpg/400px-IRLUKA_KROSANDRA_%281%29.jpg
85,Bolognese,https://upload.wikimedia.org/wikipedia/commons/thumb/5/5e/Bolo%C5%84czyk_5e3.jpg/400px-Bolo%C5%84czyk_5e3.jpg
86,Border Collie,https://upload.wikimedia.org/wikipedia/commons/thumb/e/e4/Border_Collie_600.jpg/400px-Border_Collie_600.jpg
87,Border Terrier,https://upload.wikimedia.org/wikipedia/commons/thumb/7/70/Border_Terrier.jpg/400px-Border_Terrier.jpg
88,Borzoi,https://upload.wikimedia.org/wikipedia/commons/thumb/8/87/Borzoi_female.jpg/400px-Borzoi_female.jpg
89,Bosnian Coarse-haired Hound,https://upload.wikimedia.org/wikipedia/commons/thumb/9/9e/BIR_Grupp_6-_BOSANSKI_OSTRODLAKI_GONIC-BARAK%2C_Sandy_%2823866392689%29.jpg/400px-BIR_Grupp_6-_BOSANSKI_OSTRODLAKI_GONIC-BARAK%2C_Sandy_%2823866392689%29.jpg
90,Boston Terrier,https://upload.wikimedia.org/wikipedia/commons/thumb/6/66/BostonTerrierBrindleStand_w.jpg/400px-BostonTerrierBrindleStand_w.jpg
91,Bouvier des Ardennes,https://upload.wikimedia.org/wikipedia/commons/thumb/1/12/Bouvier_des_Ardennes.JPG/400px-Bouvier_des_Ardennes.JPG
92,Bouvier des Flandres,https://upload.wikimedia.org/wikipedia/commons/thumb/7/7f/Bouvier.JPG/400px-Bouvier.JPG
93,Boxer,https://upload.wikimedia.org/wikipedia/commons/thumb/6/6f/Male_fawn_Boxer_undocked.jpg/400px-Male_fawn_Boxer_undocked.jpg
94,Boykin Spaniel,https://upload.wikimedia.org/wikipedia/commons/thumb/6/6e/Boykin_spaniel.jpg/400px-Boykin_spaniel.jpg
95,Bracco Italiano,https://upload.wikimedia.org/wikipedia/commons/thumb/4/42/Giotto_BI.jpg/400px-Giotto_BI.jpg
96,Braque d'Auvergne,https://upload.wikimedia.org/wikipedia/commons/thumb/b/bb/Braque_d_Auvergne.jpg/400px-Braque_d_Auvergne.jpg
97,Braque de l'Ariege,https://upload.wikimedia.org/wikipedia/commons/f/fa/Pointer_of_Ariege_from_1915.JPG
98,Braque du Bourbonnais,https://upload.wikimedia.org/wikipedia/commons/thumb/4/49/Braque_du_Bourbonnais.jpg/400px-Braque_du_Bourbonnais.jpg
99,Braque du Puy,https://upload.wikimedia.org/wikipedia/commons/thumb/a/a6/Dupuy_Pointer_from_1915.JPG/400px-Dupuy_Pointer_from_1915.JPG
100,Braque Francais,https://upload.wikimedia.org/wikipedia/commons/thumb/7/7c/Wy%C5%BCe%C5%82_pirenejski_308.jpg/400px-Wy%C5%BCe%C5%82_pirenejski_308.jpg
101,Braque Saint-Germain,https://upload.wikimedia.org/wikipedia/commons/thumb/5/54/Braque_saint-germain_666.jpg/400px-Braque_saint-germain_666.jpg
102,Briard,https://upload.wikimedia.org/wikipedia/commons/thumb/6/60/Briard_fauve.JPG/400px-Briard_fauve.JPG
103,Briquet Griffon Vendéen,https://upload.wikimedia.org/wikipedia/commons/thumb/7/77/Briquet_Griffon_Vendeen.jpg/400px-Briquet_Griffon_Vendeen.jpg
104,Brittany,https://upload.wikimedia.org/wikipedia/commons/thumb/f/f4/Epagneul_Breton.jpg/400px-Epagneul_Breton.jpg
105,Broholmer,https://upload.wikimedia.org/wikipedia/commons/thumb/5/52/Male_Broholmer.jpg/400px-Male_Broholmer.jpg
106,Bruno Jura Hound,https://upload.wikimedia.org/wikipedia/commons/thumb/5/57/09057110_Jura_Laufhund.jpg/400px-09057110_Jura_Laufhund.jpg
107,Brussels Griffon,https://upload.wikimedia.org/wikipedia/commons/thumb/0/08/Brussels_Griffon_Rembrant.png/400px-Brussels_Griffon_Rembrant.png
108,Bucovina Shepherd Dog,https://upload.wikimedia.org/wikipedia/commons/d/dd/Bucovina_Sheepdog.jpg
109,Bull and Terrier,https://upload.wikimedia.org/wikipedia/commons/thumb/7/74/Benjamin_Marshall_-_Dustman_-_Bulldog_and_Terrier_Mix.jpg/400px-Benjamin_Marshall_-_Dustman_-_Bulldog_and_Terrier_Mix.jpg
110,Bull Terrier,https://upload.wikimedia.org/wikipedia/commons/thumb/e/e8/Bull_Terrier_Chico_10.jpg/400px-Bull_Terrier_Chico_10.jpg
111,Bulldog,https://upload.wikimedia.org/wikipedia/commons/thumb/a/a4/Racib%C3%B3rz_2007_082.jpg/400px-Racib%C3%B3rz_2007_082.jpg
112,Bullenbeisser,https://upload.wikimedia.org/wikipedia/commons/thumb/5/55/Bullenbeiser.jpg/400px-Bullenbeiser.jpg
113,Bullmastiff,https://upload.wikimedia.org/wikipedia/commons/thumb/6/65/Brutus_bullmastiff.jpg/400px-Brutus_bullmastiff.jpg
114,Bully Kutta,https://upload.wikimedia.org/wikipedia/commons/thumb/c/c3/PakistaniMastiffPunjab.jpg/400px-PakistaniMastiffPunjab.jpg
115,Burgos Pointer,https://upload.wikimedia.org/wikipedia/commons/thumb/2/28/Burgos_Pointer_or_Perdiguero_de_Burgos.JPG/400px-Burgos_Pointer_or_Perdiguero_de_Burgos.JPG
116,Cairn Terrier,https://upload.wikimedia.org/wikipedia/commons/thumb/3/3e/Cairn_Terrier_-_002.jpg/400px-Cairn_Terrier_-_002.jpg
117,Campeiro Bulldog,https://upload.wikimedia.org/wikipedia/commons/9/95/Buldogue_Campeiro.jpg
118,Canaan Dog,https://upload.wikimedia.org/wikipedia/commons/thumb/8/88/CanaanDog3.jpg/400px-CanaanDog3.jpg
119,Canadian Eskimo Dog,https://upload.wikimedia.org/wikipedia/commons/7/79/Spoonsced.jpg
120,Cane Corso,https://upload.wikimedia.org/wikipedia/commons/thumb/f/f7/Italian_Corso_Dog_2.JPG/400px-Italian_Corso_Dog_2.JPG
121,Cantabrian Water Dog,https://upload.wikimedia.org/wikipedia/commons/thumb/c/cf/Kantauriar_ur-txakurra1.jpg/400px-Kantauriar_ur-txakurra1.jpg
122,Cão da Serra de Aires,https://upload.wikimedia.org/wikipedia/commons/thumb/4/49/Cao_de_Serra_de_Aires600.jpg/400px-Cao_de_Serra_de_Aires600.jpg
123,Cão de Castro Laboreiro,https://upload.wikimedia.org/wikipedia/commons/8/88/Cao_de_castro_laboreiro.jpg
124,Cão de Gado Transmontano,https://user-images.githubusercontent.com/24848110/33519396-7e56363c-d79d-11e7-969b-09782f5ccbab.png
125,Cão Fila de São Miguel,https://upload.wikimedia.org/wikipedia/commons/thumb/1/1a/Caofila.jpg/400px-Caofila.jpg
126,Carolina Dog,https://upload.wikimedia.org/wikipedia/commons/thumb/c/c0/American_Dingo_aka_Carolina_Dog1.jpg/400px-American_Dingo_aka_Carolina_Dog1.jpg
127,Carpathian Shepherd Dog,https://upload.wikimedia.org/wikipedia/commons/thumb/4/41/Carpatin.jpg/400px-Carpatin.jpg
128,Catalan Sheepdog,https://upload.wikimedia.org/wikipedia/commons/thumb/b/b1/Gos_d%27Atura_Catal%C3%A0.JPG/400px-Gos_d%27Atura_Catal%C3%A0.JPG
129,Caucasian Shepherd Dog,https://upload.wikimedia.org/wikipedia/commons/thumb/4/4b/CaucasianOvcharka-Julius.jpg/400px-CaucasianOvcharka-Julius.jpg
130,Cavalier King Charles Spaniel,https://upload.wikimedia.org/wikipedia/commons/thumb/7/73/Miss_Betty.jpg/400px-Miss_Betty.jpg
131,Celtic Hound,https://upload.wikimedia.org/wikipedia/commons/thumb/a/a9/Denario_de_la_Gens_Postumia_%2874-73_a.C.%29.jpg/400px-Denario_de_la_Gens_Postumia_%2874-73_a.C.%29.jpg
132,Central Asian Shepherd Dog,https://upload.wikimedia.org/wikipedia/commons/thumb/f/f6/Central_Asian_Shepherd.jpg/400px-Central_Asian_Shepherd.jpg
133,Cesky Fousek,https://upload.wikimedia.org/wikipedia/commons/thumb/5/5c/Czeski_fousek_777.jpg/400px-Czeski_fousek_777.jpg
134,Cesky Terrier,https://upload.wikimedia.org/wikipedia/commons/thumb/6/6b/Grupp_3%2C_CESKYTERRIER%2C_DK_UCH_NO_JV-14_NO_UCH_NO_V-15_NORD_JV-14_NORD_UCH_SE_UCH_Sellandafjalls_Teo_%2824310213205%29.jpg/400px-Grupp_3%2C_CESKYTERRIER%2C_DK_UCH_NO_JV-14_NO_UCH_NO_V-15_NORD_JV-14_NORD_UCH_SE_UCH_Sellandafjalls_Teo_%2824310213205%29.jpg
135,Chesapeake Bay Retriever,https://upload.wikimedia.org/wikipedia/commons/thumb/9/97/CH_Chesapeake.jpg/400px-CH_Chesapeake.jpg
136,Chien Français Blanc et Noir,https://upload.wikimedia.org/wikipedia/commons/thumb/4/45/Fran%C3%A7ais_noir_et_blanc.JPG/400px-Fran%C3%A7ais_noir_et_blanc.JPG
137,Chien Français Blanc et Orange,https://user-images.githubusercontent.com/24848110/33519396-7e56363c-d79d-11e7-969b-09782f5ccbab.png
138,Chien Français Tricolore,https://upload.wikimedia.org/wikipedia/commons/thumb/9/91/Chien2.JPG/400px-Chien2.JPG
139,Chien-gris,https://upload.wikimedia.org/wikipedia/commons/7/71/Gris_De_Saint-Louis_from_1915.JPG
140,Chihuahua,https://upload.wikimedia.org/wikipedia/commons/4/4c/Chihuahua1_bvdb.jpg
141,Chilean Terrier,https://upload.wikimedia.org/wikipedia/commons/thumb/c/c8/Fox_terrier_chileno.JPG/400px-Fox_terrier_chileno.JPG
142,Chinese Chongqing Dog,https://upload.wikimedia.org/wikipedia/commons/thumb/d/d8/Chinese_Chongqing_Dog_H%C3%BCndin.jpg/400px-Chinese_Chongqing_Dog_H%C3%BCndin.jpg
143,Chinese Crested Dog,https://upload.wikimedia.org/wikipedia/commons/thumb/9/97/IndyStands.jpg/400px-IndyStands.jpg
144,Chinese Imperial Dog,https://upload.wikimedia.org/wikipedia/commons/thumb/0/0d/Chinese_Imperial_Dog.jpg/400px-Chinese_Imperial_Dog.jpg
145,Chinook,https://upload.wikimedia.org/wikipedia/commons/8/84/Mountan_Laurel_Ajax_the_Chinook_dog.jpg
146,Chippiparai,https://upload.wikimedia.org/wikipedia/commons/thumb/3/39/A_male_chippiparai.jpg/400px-A_male_chippiparai.jpg
147,Chiribaya Dog,https://user-images.githubusercontent.com/24848110/33519396-7e56363c-d79d-11e7-969b-09782f5ccbab.png
148,Chow Chow,https://upload.wikimedia.org/wikipedia/commons/thumb/4/4c/ChowChow2Szczecin.jpg/400px-ChowChow2Szczecin.jpg
149,Cierny Sery,https://upload.wikimedia.org/wikipedia/commons/thumb/0/08/8s45heryprobaobraz_018.jpg/400px-8s45heryprobaobraz_018.jpg
150,Cirneco dell'Etna,https://upload.wikimedia.org/wikipedia/commons/thumb/7/7b/Cirneco_dell_Etna_611.jpg/400px-Cirneco_dell_Etna_611.jpg
151,Clumber Spaniel,https://upload.wikimedia.org/wikipedia/commons/thumb/b/bb/Clumber_spaniel_767.jpg/400px-Clumber_spaniel_767.jpg
152,"Collie, Rough",https://upload.wikimedia.org/wikipedia/commons/thumb/4/48/Rough_Collie_600.jpg/400px-Rough_Collie_600.jpg
153,"Collie, Smooth",https://upload.wikimedia.org/wikipedia/commons/thumb/3/3a/SmoothCollieTri2_wb.jpg/400px-SmoothCollieTri2_wb.jpg
154,Combai,https://upload.wikimedia.org/wikipedia/commons/thumb/a/a3/Kombai_dog.jpg/400px-Kombai_dog.jpg
155,Cordoba Dog,https://upload.wikimedia.org/wikipedia/commons/thumb/8/83/Patan.jpg/400px-Patan.jpg
156,Coton de Tulear,https://upload.wikimedia.org/wikipedia/commons/thumb/b/bd/Coton_de_Tular_1.jpg/400px-Coton_de_Tular_1.jpg
157,Cretan Hound,https://upload.wikimedia.org/wikipedia/commons/b/ba/Kritikosichnilatis_1.jpg
158,Croatian Sheepdog,https://upload.wikimedia.org/wikipedia/commons/thumb/7/78/Gera062005sed.jpg/400px-Gera062005sed.jpg
159,Cumberland Sheepdog,https://user-images.githubusercontent.com/24848110/33519396-7e56363c-d79d-11e7-969b-09782f5ccbab.png
160,Curly-Coated Retriever,https://upload.wikimedia.org/wikipedia/commons/thumb/5/58/Curly_Coated_Retriever.jpg/400px-Curly_Coated_Retriever.jpg
161,Cursinu,https://upload.wikimedia.org/wikipedia/commons/thumb/4/42/Cursinu_1.jpg/400px-Cursinu_1.jpg
162,Czechoslovakian Wolfdog,https://upload.wikimedia.org/wikipedia/commons/thumb/9/9d/TWH-jolly.JPG/400px-TWH-jolly.JPG
163,Dachshund,https://upload.wikimedia.org/wikipedia/commons/thumb/2/27/Short-haired-Dachshund.jpg/400px-Short-haired-Dachshund.jpg
164,Dalbo dog,https://upload.wikimedia.org/wikipedia/commons/thumb/5/5a/Dalbohund.jpg/400px-Dalbohund.jpg
165,Dalmatian,https://upload.wikimedia.org/wikipedia/commons/thumb/e/eb/Dalmatian_liver_stacked.jpg/400px-Dalmatian_liver_stacked.jpg
166,Dandie Dinmont Terrier,https://upload.wikimedia.org/wikipedia/commons/thumb/6/63/Dandie_Dinmont_Terrier_600.jpg/400px-Dandie_Dinmont_Terrier_600.jpg
167,Danish-Swedish Farmdog,https://upload.wikimedia.org/wikipedia/commons/thumb/e/e6/Danish_Swedish_Farmdog.jpg/400px-Danish_Swedish_Farmdog.jpg
168,Deutsche Bracke,https://upload.wikimedia.org/wikipedia/commons/thumb/2/23/DeutscheBracke.jpg/400px-DeutscheBracke.jpg
169,Dingo,https://upload.wikimedia.org/wikipedia/commons/thumb/9/98/Dingo_walking.jpg/400px-Dingo_walking.jpg
170,Dobermann,https://upload.wikimedia.org/wikipedia/commons/thumb/7/7a/European_Dobermann.jpg/400px-European_Dobermann.jpg
171,Dogo Argentino,https://upload.wikimedia.org/wikipedia/commons/thumb/d/d9/Dogo.jpg/400px-Dogo.jpg
172,Dogo Cubano,https://upload.wikimedia.org/wikipedia/commons/thumb/7/71/DogoCubano2.jpg/400px-DogoCubano2.jpg
173,Dogo Guatemalteco,https://upload.wikimedia.org/wikipedia/commons/thumb/2/2a/Dogo1.jpg/400px-Dogo1.jpg
174,Dogo Sardesco,https://user-images.githubusercontent.com/24848110/33519396-7e56363c-d79d-11e7-969b-09782f5ccbab.png
175,Dogue Brasileiro,https://upload.wikimedia.org/wikipedia/commons/thumb/2/26/Doguepelolongo.jpg/400px-Doguepelolongo.jpg
176,Dogue de Bordeaux,https://upload.wikimedia.org/wikipedia/commons/thumb/4/45/French_Mastiff_aka_Dogue_de_Bordeaux_2.JPG/400px-French_Mastiff_aka_Dogue_de_Bordeaux_2.JPG
177,Drentse Patrijshond,https://upload.wikimedia.org/wikipedia/commons/thumb/a/a6/Drentse_Patrijshond.jpg/400px-Drentse_Patrijshond.jpg
178,Drever,https://upload.wikimedia.org/wikipedia/commons/thumb/3/34/Drever_NUCh_Tanjo.jpg/400px-Drever_NUCh_Tanjo.jpg
179,Dunker,https://upload.wikimedia.org/wikipedia/commons/4/48/Dunker.jpg
180,Dutch Shepherd,https://upload.wikimedia.org/wikipedia/commons/thumb/3/3a/Long-haired_Dutch_Shepherd_2.JPG/400px-Long-haired_Dutch_Shepherd_2.JPG
181,Dutch Smoushond,https://upload.wikimedia.org/wikipedia/commons/7/70/Hollandse_Smoushond_Amsterdam_cropped.jpg
182,East Siberian Laika,https://upload.wikimedia.org/wikipedia/commons/thumb/2/2f/East_Siberian_Laika.jpg/400px-East_Siberian_Laika.jpg
183,East European Shepherd,https://upload.wikimedia.org/wikipedia/commons/thumb/d/d3/Owczarek_wschodnioeuropejski_MB_01.jpg/400px-Owczarek_wschodnioeuropejski_MB_01.jpg
184,Elo,https://upload.wikimedia.org/wikipedia/commons/thumb/8/84/Elo.jpg/400px-Elo.jpg
185,English Cocker Spaniel,https://upload.wikimedia.org/wikipedia/commons/thumb/8/88/English_Cocker_Spaniel_in_Tallinn.JPG/400px-English_Cocker_Spaniel_in_Tallinn.JPG
186,English Foxhound,https://upload.wikimedia.org/wikipedia/commons/thumb/4/44/English_Foxhound_portrait.jpg/400px-English_Foxhound_portrait.jpg
187,English Mastiff,https://upload.wikimedia.org/wikipedia/commons/thumb/4/42/EnglishMastiffChurchill.JPG/400px-EnglishMastiffChurchill.JPG
188,English Pointer,https://upload.wikimedia.org/wikipedia/commons/thumb/c/c5/English_pointer.jpg/400px-English_pointer.jpg
189,English Setter,https://upload.wikimedia.org/wikipedia/commons/thumb/1/15/EnglishSetter9_fx_wb.jpg/400px-EnglishSetter9_fx_wb.jpg
190,English Shepherd,https://upload.wikimedia.org/wikipedia/commons/5/54/TricolorEnglishShepherdDog.jpg
191,English Springer Spaniel,https://upload.wikimedia.org/wikipedia/commons/thumb/4/4d/English-Springer-Spaniel_show.jpg/400px-English-Springer-Spaniel_show.jpg
192,English Toy Terrier (Black & Tan),https://upload.wikimedia.org/wikipedia/commons/thumb/f/f5/English_Toy_Terrier_600_01.jpg/400px-English_Toy_Terrier_600_01.jpg
193,English Water Spaniel,https://upload.wikimedia.org/wikipedia/commons/a/a1/English_Water_Spaniel.jpg
194,English White Terrier,https://upload.wikimedia.org/wikipedia/commons/b/b9/Old_English_White_Terrier.jpg
195,Entlebucher Mountain Dog,https://upload.wikimedia.org/wikipedia/commons/thumb/f/ff/Elio_v_Schaerlig_im_Juni_2007_klein.jpg/400px-Elio_v_Schaerlig_im_Juni_2007_klein.jpg
196,Estonian Hound,https://upload.wikimedia.org/wikipedia/commons/thumb/c/c3/Go%C5%84czy_esto%C5%84ski_MB_01.jpg/400px-Go%C5%84czy_esto%C5%84ski_MB_01.jpg
197,Estrela Mountain Dog,https://upload.wikimedia.org/wikipedia/commons/thumb/1/1c/Estrela_Mountain_Dog_6_month_old_male.jpg/400px-Estrela_Mountain_Dog_6_month_old_male.jpg
198,Eurasier,https://upload.wikimedia.org/wikipedia/commons/thumb/c/c5/Eurasier_Image_001.jpg/400px-Eurasier_Image_001.jpg
199,Eurohound,https://upload.wikimedia.org/wikipedia/commons/9/98/Eurohound.jpg
200,Field Spaniel,https://upload.wikimedia.org/wikipedia/commons/thumb/7/78/Field_spaniel_581.jpg/400px-Field_spaniel_581.jpg
201,Fila Brasileiro,https://upload.wikimedia.org/wikipedia/commons/thumb/e/e7/Yacare_De_El_Siledin.JPG/400px-Yacare_De_El_Siledin.JPG
202,Fila da Terceira,https://upload.wikimedia.org/wikipedia/commons/2/2f/Fila_de_Terceira.jpg
203,Finnish Hound,https://upload.wikimedia.org/wikipedia/commons/thumb/6/62/Nuori-suomenajokoira.jpg/400px-Nuori-suomenajokoira.jpg
204,Finnish Lapphund,https://upload.wikimedia.org/wikipedia/commons/thumb/a/a6/Finnish_Lapphund_Glenchess_Revontuli.jpg/400px-Finnish_Lapphund_Glenchess_Revontuli.jpg
205,Finnish Spitz,https://upload.wikimedia.org/wikipedia/commons/thumb/2/27/Finnish_Spitz_600.jpg/400px-Finnish_Spitz_600.jpg
206,Flat-Coated Retriever,https://upload.wikimedia.org/wikipedia/commons/thumb/a/aa/Flat_Coated_Retriever_-_black.jpg/400px-Flat_Coated_Retriever_-_black.jpg
207,"Fox Terrier, Smooth",https://upload.wikimedia.org/wikipedia/commons/4/47/Patrick_the_Smooth_Fox_Terrier.jpg
208,"Fox Terrier, Wire",https://upload.wikimedia.org/wikipedia/commons/thumb/b/b7/Elias1%C4%8Derven2006.jpg/400px-Elias1%C4%8Derven2006.jpg
209,French Brittany,https://upload.wikimedia.org/wikipedia/commons/b/b6/Timba_arret.jpg
210,French Bulldog,https://upload.wikimedia.org/wikipedia/commons/8/87/Fantasme_de_la_parure.jpg
211,French Spaniel,https://upload.wikimedia.org/wikipedia/commons/thumb/c/c9/04031137_Epagneul_Francais.jpg/400px-04031137_Epagneul_Francais.jpg
212,Gaddi Kutta,https://user-images.githubusercontent.com/24848110/33519396-7e56363c-d79d-11e7-969b-09782f5ccbab.png
213,Galgo Español,https://upload.wikimedia.org/wikipedia/commons/thumb/f/ff/Galgo_espagnol_Hembra.jpg/400px-Galgo_espagnol_Hembra.jpg
214,Galician Shepherd Dog,https://upload.wikimedia.org/wikipedia/commons/thumb/0/0b/Palleiro1.JPG/400px-Palleiro1.JPG
215,Garafian Shepherd,https://upload.wikimedia.org/wikipedia/commons/c/ce/Garafiano2.jpg
216,Gascon Saintongeois,https://upload.wikimedia.org/wikipedia/commons/f/f3/Virelade_from_1915.JPG
217,Georgian Shepherd,https://upload.wikimedia.org/wikipedia/commons/0/0d/Georgia_Shepherd.jpg
218,German Longhaired Pointer,https://upload.wikimedia.org/wikipedia/commons/thumb/b/ba/DeutschLanghaarneu.jpg/400px-DeutschLanghaarneu.jpg
219,German Pinscher,https://upload.wikimedia.org/wikipedia/commons/thumb/5/5b/German_Pinscher.JPG/400px-German_Pinscher.JPG
220,German Roughhaired Pointer,https://upload.wikimedia.org/wikipedia/commons/thumb/0/08/03030288_Deutsch_Stichelhaa.jpg/400px-03030288_Deutsch_Stichelhaa.jpg
221,German Shepherd Dog,https://upload.wikimedia.org/wikipedia/commons/thumb/4/4f/Berger_allemand_en_montagne.jpg/400px-Berger_allemand_en_montagne.jpg
222,German Shorthaired Pointer,https://upload.wikimedia.org/wikipedia/commons/thumb/3/38/Duitse_staande_korthaar_10-10-2.jpg/400px-Duitse_staande_korthaar_10-10-2.jpg
223,German Spaniel,https://upload.wikimedia.org/wikipedia/commons/thumb/1/1b/Deutscher_Wachtel_2.jpg/400px-Deutscher_Wachtel_2.jpg
224,German Spitz,https://upload.wikimedia.org/wikipedia/commons/thumb/1/13/Un_chien_Spitz_allemand.jpg/400px-Un_chien_Spitz_allemand.jpg
225,German Wirehaired Pointer,https://upload.wikimedia.org/wikipedia/commons/thumb/2/2b/GermanWirehrPtr1_wb.jpg/400px-GermanWirehrPtr1_wb.jpg
226,Giant Schnauzer,https://upload.wikimedia.org/wikipedia/commons/thumb/6/6a/GiantSchnauzer.jpg/400px-GiantSchnauzer.jpg
227,Glen of Imaal Terrier,https://upload.wikimedia.org/wikipedia/commons/thumb/f/fe/Wheaten_glen_of_imaal.jpg/400px-Wheaten_glen_of_imaal.jpg
228,Golden Retriever,https://upload.wikimedia.org/wikipedia/commons/thumb/8/82/Golden_Retriever_standing_Tucker.jpg/400px-Golden_Retriever_standing_Tucker.jpg
229,Gordon Setter,https://upload.wikimedia.org/wikipedia/commons/thumb/8/80/BIR_Grupp_7-_GORDONSETTER%2C_Sansetters_Roover_%2824234227995%29.jpg/400px-BIR_Grupp_7-_GORDONSETTER%2C_Sansetters_Roover_%2824234227995%29.jpg
230,Gran Mastín de Borínquen,https://user-images.githubusercontent.com/24848110/33519396-7e56363c-d79d-11e7-969b-09782f5ccbab.png
231,Grand Anglo-Français Blanc et Noir,https://upload.wikimedia.org/wikipedia/commons/thumb/5/53/Grand_anglo_francais_noir.jpg/400px-Grand_anglo_francais_noir.jpg
232,Grand Anglo-Français Blanc et Orange,https://upload.wikimedia.org/wikipedia/commons/thumb/e/e7/06101298_Grand_anglo_francais_orange.jpg/400px-06101298_Grand_anglo_francais_orange.jpg
233,Grand Anglo-Français Tricolore,https://upload.wikimedia.org/wikipedia/commons/thumb/8/84/Grand_anglo_francais_tricol.jpg/400px-Grand_anglo_francais_tricol.jpg
234,Grand Basset Griffon Vendéen,https://upload.wikimedia.org/wikipedia/commons/thumb/7/76/G_Basset_Griffon_Vendeen_600.jpg/400px-G_Basset_Griffon_Vendeen_600.jpg
235,Grand Bleu de Gascogne,https://upload.wikimedia.org/wikipedia/commons/thumb/6/62/Grand_Bleu_de_Gascogne_in_a_blue_dogcollar.jpg/400px-Grand_Bleu_de_Gascogne_in_a_blue_dogcollar.jpg
236,Grand Griffon Vendéen,https://upload.wikimedia.org/wikipedia/commons/thumb/4/41/Grand_griffon_vend%C3%A9en_aka_Large_Vend%C3%A9en_Griffon_3.JPG/400px-Grand_griffon_vend%C3%A9en_aka_Large_Vend%C3%A9en_Griffon_3.JPG
237,Great Dane,https://upload.wikimedia.org/wikipedia/commons/thumb/e/e8/Dog_niemiecki_R_01.jpg/400px-Dog_niemiecki_R_01.jpg
238,Great Pyrenees,https://upload.wikimedia.org/wikipedia/commons/thumb/0/09/Pyreneittenkoira.jpg/400px-Pyreneittenkoira.jpg
239,Greater Swiss Mountain Dog,https://upload.wikimedia.org/wikipedia/commons/thumb/4/4d/Gross1.jpg/400px-Gross1.jpg
240,Greek Harehound,https://upload.wikimedia.org/wikipedia/commons/6/6c/Hellinikos_Ichnilatis.jpg
241,Greek Shepherd,https://upload.wikimedia.org/wikipedia/commons/thumb/a/a5/Greek_shepherd_male.jpg/400px-Greek_shepherd_male.jpg
242,Greenland Dog,https://upload.wikimedia.org/wikipedia/commons/thumb/1/16/Greenland_Dog.jpg/400px-Greenland_Dog.jpg
243,Greyhound,https://upload.wikimedia.org/wikipedia/commons/thumb/e/ef/GraceTheGreyhound.jpg/400px-GraceTheGreyhound.jpg
244,Griffon Bleu de Gascogne,https://upload.wikimedia.org/wikipedia/commons/thumb/1/15/04031124_Griffon_Bleu_de_Gascogne.jpg/400px-04031124_Griffon_Bleu_de_Gascogne.jpg
245,Griffon Fauve de Bretagne,https://upload.wikimedia.org/wikipedia/commons/thumb/8/81/08115500_Griffon_Fauve_Bretagne.jpg/400px-08115500_Griffon_Fauve_Bretagne.jpg
246,Griffon Nivernais,https://upload.wikimedia.org/wikipedia/commons/thumb/7/75/Griffon_nivernais.jpg/400px-Griffon_nivernais.jpg
247,Gull Terrier,https://upload.wikimedia.org/wikipedia/commons/d/d8/GULL_TERR_%28PAKISTANI_BULL_TERRIER%29.jpg
248,Hamiltonstövare,https://upload.wikimedia.org/wikipedia/commons/thumb/5/52/Hamiltonstovare_600.jpg/400px-Hamiltonstovare_600.jpg
249,Hanover Hound,https://upload.wikimedia.org/wikipedia/commons/thumb/7/76/Hannoverscher_Schweisshund.jpg/400px-Hannoverscher_Schweisshund.jpg
250,Hare Indian Dog,https://upload.wikimedia.org/wikipedia/commons/thumb/b/ba/Hareindiandog.jpg/400px-Hareindiandog.jpg
251,Harrier,https://upload.wikimedia.org/wikipedia/commons/thumb/c/cc/Harrier_tricolour.jpg/400px-Harrier_tricolour.jpg
252,Havanese,https://upload.wikimedia.org/wikipedia/commons/thumb/e/ed/A_Havanese_judging.jpg/400px-A_Havanese_judging.jpg
253,Hawaiian Poi Dog,https://upload.wikimedia.org/wikipedia/commons/thumb/f/f9/Hawaiian_natives_wearing_kihei%2C_with_animals%2C_sketch_by_Louis_Choris_%28crop%2C_central_dog%29.jpg/400px-Hawaiian_natives_wearing_kihei%2C_with_animals%2C_sketch_by_Louis_Choris_%28crop%2C_central_dog%29.jpg
254,Himalayan Sheepdog,https://upload.wikimedia.org/wikipedia/commons/thumb/4/4a/Jackie_Himalayan_Shephard.jpg/400px-Jackie_Himalayan_Shephard.jpg
255,Hokkaido,https://upload.wikimedia.org/wikipedia/commons/8/8e/Hokkaidou_inu.jpg
256,Hortaya borzaya,https://upload.wikimedia.org/wikipedia/commons/f/fe/Hortaya_Borzaya.jpg
257,Hovawart,https://upload.wikimedia.org/wikipedia/commons/thumb/b/b9/Hovawart_black_and_tan.jpg/400px-Hovawart_black_and_tan.jpg
258,Huntaway,https://upload.wikimedia.org/wikipedia/commons/thumb/5/52/Huntaway.JPG/400px-Huntaway.JPG
259,Hygen Hound,https://upload.wikimedia.org/wikipedia/commons/thumb/d/d6/Norwegian_Hygenhound.jpg/400px-Norwegian_Hygenhound.jpg
260,Ibizan Hound,https://upload.wikimedia.org/wikipedia/commons/thumb/e/ef/Podenco_z_ibizy_645.jpg/400px-Podenco_z_ibizy_645.jpg
261,Icelandic Sheepdog,https://upload.wikimedia.org/wikipedia/commons/thumb/4/44/Ulfur.jpg/400px-Ulfur.jpg
262,Indian pariah dog,https://upload.wikimedia.org/wikipedia/commons/thumb/0/01/The_Indian_Pariah_Dog.jpg/400px-The_Indian_Pariah_Dog.jpg
263,Indian Spitz,https://upload.wikimedia.org/wikipedia/commons/thumb/2/21/Greater_indian_spitz.jpg/400px-Greater_indian_spitz.jpg
264,Irish Red and White Setter,https://upload.wikimedia.org/wikipedia/commons/0/04/Irish_Red_And_White_Setter_2005.jpg
265,Irish Setter,https://upload.wikimedia.org/wikipedia/commons/thumb/2/2e/Can_Setter_dog_GFDL.jpg/400px-Can_Setter_dog_GFDL.jpg
266,Irish Terrier,https://upload.wikimedia.org/wikipedia/commons/thumb/e/e8/Irish-terrier.jpg/400px-Irish-terrier.jpg
267,Irish Water Spaniel,https://upload.wikimedia.org/wikipedia/commons/thumb/6/67/Irlandzki_spaniel_wodny_676.jpg/400px-Irlandzki_spaniel_wodny_676.jpg
268,Irish Wolfhound,https://upload.wikimedia.org/wikipedia/commons/thumb/6/6e/Irish_Wolfhound_Sam.jpg/400px-Irish_Wolfhound_Sam.jpg
269,Istrian Coarse-haired Hound,https://upload.wikimedia.org/wikipedia/commons/thumb/5/59/Istrian_Coarse-haired_Hound.jpg/400px-Istrian_Coarse-haired_Hound.jpg
270,Istrian Shorthaired Hound,https://upload.wikimedia.org/wikipedia/commons/thumb/1/12/Istrische_Bracke.jpg/400px-Istrische_Bracke.jpg
271,Italian Greyhound,https://upload.wikimedia.org/wikipedia/commons/thumb/5/5f/Italian_Greyhound_standing_gray.jpg/400px-Italian_Greyhound_standing_gray.jpg
272,Jack Russell Terrier,https://upload.wikimedia.org/wikipedia/commons/thumb/c/cd/Jrt02.jpg/400px-Jrt02.jpg
273,Jagdterrier,https://upload.wikimedia.org/wikipedia/commons/thumb/4/42/Jagdterrier.jpg/400px-Jagdterrier.jpg
274,Swedish Elkhound,https://upload.wikimedia.org/wikipedia/commons/thumb/5/55/J%C3%A4mthund.jpg/400px-J%C3%A4mthund.jpg
275,Japanese Chin,https://upload.wikimedia.org/wikipedia/commons/thumb/c/c6/Czin_japo%C5%84ski_554.jpg/400px-Czin_japo%C5%84ski_554.jpg
276,Japanese Spitz,https://upload.wikimedia.org/wikipedia/commons/0/04/JapaneseSpitzPhoto1_-_hiro.jpg
277,Japanese Terrier,https://upload.wikimedia.org/wikipedia/commons/thumb/2/2a/Japanese_Terrier_22.04.2012_2pl.jpg/400px-Japanese_Terrier_22.04.2012_2pl.jpg
278,Jindo,https://upload.wikimedia.org/wikipedia/commons/thumb/7/77/Korea_Jindo_Dog_2.jpg/400px-Korea_Jindo_Dog_2.jpg
279,Jonangi,https://upload.wikimedia.org/wikipedia/commons/thumb/b/b8/Pair_Guarding.jpg/400px-Pair_Guarding.jpg
280,Kai Ken,https://upload.wikimedia.org/wikipedia/commons/3/3c/Image_of_Kai_%28dog%29.jpg
281,Kaikadi,https://user-images.githubusercontent.com/24848110/33519396-7e56363c-d79d-11e7-969b-09782f5ccbab.png
282,Kangal Shepherd Dog,https://upload.wikimedia.org/wikipedia/commons/thumb/5/51/Varish.jpg/400px-Varish.jpg
283,Kanni,https://upload.wikimedia.org/wikipedia/commons/thumb/1/11/Kanni.png/400px-Kanni.png
284,Karakachan dog,https://upload.wikimedia.org/wikipedia/commons/thumb/d/df/Karakatschan.jpg/400px-Karakatschan.jpg
285,Karelian Bear Dog,https://upload.wikimedia.org/wikipedia/commons/thumb/e/e1/Karelski_pies_na_nied%C5%BAwiedzie_123.jpg/400px-Karelski_pies_na_nied%C5%BAwiedzie_123.jpg
286,Karelo-Finnish Laika,https://upload.wikimedia.org/wikipedia/commons/thumb/4/45/Karelo-Finnish_Laika_%28Lambert%29.JPG/400px-Karelo-Finnish_Laika_%28Lambert%29.JPG
287,Karst Shepherd,https://upload.wikimedia.org/wikipedia/commons/thumb/4/44/Owczarek_kraski_654.jpg/400px-Owczarek_kraski_654.jpg
288,Keeshond,https://upload.wikimedia.org/wikipedia/commons/thumb/2/26/Keeshond_Majic_standing_cropped.jpg/400px-Keeshond_Majic_standing_cropped.jpg
289,Kerry Beagle,https://upload.wikimedia.org/wikipedia/commons/thumb/4/4d/Kerry_Beagle.jpg/400px-Kerry_Beagle.jpg
290,Kerry Blue Terrier,https://upload.wikimedia.org/wikipedia/commons/thumb/0/0e/Kerry_blue_terier_545.jpg/400px-Kerry_blue_terier_545.jpg
291,King Charles Spaniel,https://upload.wikimedia.org/wikipedia/commons/thumb/2/23/Three_King_Charles_Spaniels.jpg/400px-Three_King_Charles_Spaniels.jpg
292,King Shepherd,https://upload.wikimedia.org/wikipedia/commons/thumb/1/1f/SabreKingShepherd.JPG/400px-SabreKingShepherd.JPG
293,Kintamani,https://upload.wikimedia.org/wikipedia/commons/thumb/9/96/Kintamani_dog_black.jpg/400px-Kintamani_dog_black.jpg
294,Kishu Ken,https://upload.wikimedia.org/wikipedia/commons/2/2d/Kishu.jpg
295,Komondor,https://upload.wikimedia.org/wikipedia/commons/thumb/8/8b/Komondor_delvin.jpg/400px-Komondor_delvin.jpg
296,Koolie,https://upload.wikimedia.org/wikipedia/commons/e/ef/Pete_may01_web.JPG
297,Koyun dog,https://user-images.githubusercontent.com/24848110/33519396-7e56363c-d79d-11e7-969b-09782f5ccbab.png
298,Kromfohrländer,https://upload.wikimedia.org/wikipedia/commons/thumb/8/88/Kromfohrlaender_glatt.jpg/400px-Kromfohrlaender_glatt.jpg
299,Kumaon Mastiff,https://upload.wikimedia.org/wikipedia/commons/thumb/f/f0/13_months_old_Male_Bully_Kutta.jpg/400px-13_months_old_Male_Bully_Kutta.jpg
300,Kunming Wolfdog,https://upload.wikimedia.org/wikipedia/commons/thumb/3/30/Kunming_Dog.jpg/400px-Kunming_Dog.jpg
301,Kurī,https://upload.wikimedia.org/wikipedia/commons/thumb/9/93/Otago_Museum_Kuri_-_OMNZVT2162_03_%28cropped%29.jpg/400px-Otago_Museum_Kuri_-_OMNZVT2162_03_%28cropped%29.jpg
302,Kuvasz,https://upload.wikimedia.org/wikipedia/commons/thumb/6/6d/Kuvasz_Prince_Juninho_Poster.jpg/400px-Kuvasz_Prince_Juninho_Poster.jpg
303,Kyi-Leo,https://upload.wikimedia.org/wikipedia/commons/thumb/0/00/KyiLeoGus.jpg/400px-KyiLeoGus.jpg
304,Labrador Husky,https://upload.wikimedia.org/wikipedia/commons/thumb/4/43/Labrador_huskies.JPG/400px-Labrador_huskies.JPG
305,Labrador Retriever,https://upload.wikimedia.org/wikipedia/commons/thumb/2/26/YellowLabradorLooking_new.jpg/400px-YellowLabradorLooking_new.jpg
306,Lagotto Romagnolo,https://upload.wikimedia.org/wikipedia/commons/thumb/9/9f/Lagotto_Romagnolo.jpg/400px-Lagotto_Romagnolo.jpg
307,Lakeland Terrier,https://upload.wikimedia.org/wikipedia/commons/thumb/7/78/Lakeland_Terrier.jpg/400px-Lakeland_Terrier.jpg
308,Lancashire Heeler,https://upload.wikimedia.org/wikipedia/commons/thumb/4/45/Lancashire_Heeler_600.jpg/400px-Lancashire_Heeler_600.jpg
309,Landseer,https://upload.wikimedia.org/wikipedia/commons/thumb/0/04/Landseer.jpg/400px-Landseer.jpg
310,Lapponian Herder,https://upload.wikimedia.org/wikipedia/commons/thumb/d/d3/Lapskvallhund.jpg/400px-Lapskvallhund.jpg
311,Lapponian Shepherd,https://user-images.githubusercontent.com/24848110/33519396-7e56363c-d79d-11e7-969b-09782f5ccbab.png
312,Large Münsterländer,https://upload.wikimedia.org/wikipedia/commons/thumb/6/61/GrosserMuensterlaender.jpg/400px-GrosserMuensterlaender.jpg
313,Leonberger,https://upload.wikimedia.org/wikipedia/commons/thumb/d/d9/Leonberg-Male-Adulte-Ursus.jpg/400px-Leonberg-Male-Adulte-Ursus.jpg
314,Lhasa Apso,https://upload.wikimedia.org/wikipedia/commons/thumb/8/87/Aishia.jpg/400px-Aishia.jpg
315,Lithuanian Hound,https://upload.wikimedia.org/wikipedia/commons/thumb/8/8f/Sculptures_in_Tel%C5%A1iai.jpg/400px-Sculptures_in_Tel%C5%A1iai.jpg
316,Louisiana Catahoula Leopard Dog,https://upload.wikimedia.org/wikipedia/commons/thumb/0/06/02._Coahoma_Arkansas_Logan.jpg/400px-02._Coahoma_Arkansas_Logan.jpg
317,Löwchen,https://upload.wikimedia.org/wikipedia/commons/thumb/5/5c/Lowchen.jpg/400px-Lowchen.jpg
318,Lupo Italiano,https://upload.wikimedia.org/wikipedia/commons/thumb/5/5f/LupoItaliano.jpg/400px-LupoItaliano.jpg
319,Mackenzie River husky,https://upload.wikimedia.org/wikipedia/commons/thumb/d/d8/MackenzieRiverHusky.jpg/400px-MackenzieRiverHusky.jpg
320,Magyar agár,https://upload.wikimedia.org/wikipedia/commons/thumb/5/56/Magyar_ag%C3%A1r_male.jpg/400px-Magyar_ag%C3%A1r_male.jpg
321,Mahratta Greyhound,https://user-images.githubusercontent.com/24848110/33519396-7e56363c-d79d-11e7-969b-09782f5ccbab.png
322,Maltese,https://upload.wikimedia.org/wikipedia/commons/thumb/9/94/Maltese_600.jpg/400px-Maltese_600.jpg
323,Maremma Sheepdog,https://upload.wikimedia.org/wikipedia/commons/thumb/8/82/Cane_Pastore_Abruzzese_Abruzzo.jpg/400px-Cane_Pastore_Abruzzese_Abruzzo.jpg
324,Marquesan Dog,https://upload.wikimedia.org/wikipedia/commons/thumb/f/f0/Dog_relief_from_me%CA%BBae_I%CA%BBipona%2C_Puama%CA%BBu_Village%2C_Hiva_Oa%2C_Marquesas_Islands%2C_photograph_by_Moth_Clark%2C_2009_%28levels_adjusted%29.jpg/400px-Dog_relief_from_me%CA%BBae_I%CA%BBipona%2C_Puama%CA%BBu_Village%2C_Hiva_Oa%2C_Marquesas_Islands%2C_photograph_by_Moth_Clark%2C_2009_%28levels_adjusted%29.jpg
325,McNab,https://upload.wikimedia.org/wikipedia/commons/d/dc/McNab_%28dog%29.jpg
326,Miniature American Shepherd,https://upload.wikimedia.org/wikipedia/commons/thumb/7/77/Blue_Merle_Miniature_American_Shepherd_in_Grass.jpg/440px-Blue_Merle_Miniature_American_Shepherd_in_Grass.jpg
327,Miniature Bull Terrier,https://upload.wikimedia.org/wikipedia/commons/thumb/4/4d/Bull_terier_i_bull_terier_miniatura_d46.jpg/400px-Bull_terier_i_bull_terier_miniatura_d46.jpg
328,Miniature Fox Terrier,https://upload.wikimedia.org/wikipedia/commons/thumb/3/38/Miniature_Fox_Terrier.jpg/400px-Miniature_Fox_Terrier.jpg
329,Miniature Pinscher,https://upload.wikimedia.org/wikipedia/commons/thumb/a/a1/Miniature_pinscher.jpg/400px-Miniature_pinscher.jpg
330,Miniature Schnauzer,https://upload.wikimedia.org/wikipedia/commons/d/dd/Miniature_Schnauzer_02.jpg
331,Miniature Shar-Pei,https://upload.wikimedia.org/wikipedia/commons/thumb/0/0b/XBlack.JPG/400px-XBlack.JPG
332,Molossus,https://upload.wikimedia.org/wikipedia/commons/thumb/b/bf/Molossian_Hound%2C_British_Museum.jpg/400px-Molossian_Hound%2C_British_Museum.jpg
333,Molossus of Epirus,https://user-images.githubusercontent.com/24848110/33519396-7e56363c-d79d-11e7-969b-09782f5ccbab.png
334,Montenegrin Mountain Hound,https://upload.wikimedia.org/wikipedia/commons/thumb/4/4b/Montenegrin_Mountain_Hound.jpg/400px-Montenegrin_Mountain_Hound.jpg
335,Moscow Watchdog,https://upload.wikimedia.org/wikipedia/commons/thumb/2/2b/Moscowwatchdog.jpg/400px-Moscowwatchdog.jpg
336,Moscow Water Dog,https://user-images.githubusercontent.com/24848110/33519396-7e56363c-d79d-11e7-969b-09782f5ccbab.png
337,Mountain Cur,https://upload.wikimedia.org/wikipedia/commons/a/a7/MountainCur.jpg
338,Mucuchies,https://upload.wikimedia.org/wikipedia/commons/f/f6/Mucuchies_natural_habitat.jpg
339,Mudhol Hound,https://upload.wikimedia.org/wikipedia/commons/thumb/2/2b/Caravan_hound_Closeupfire.jpg/400px-Caravan_hound_Closeupfire.jpg
340,Mudi,https://upload.wikimedia.org/wikipedia/commons/thumb/c/c4/Hondenras_Mudi.jpg/400px-Hondenras_Mudi.jpg
341,Neapolitan Mastiff,https://upload.wikimedia.org/wikipedia/commons/thumb/0/06/Mastino_Napoletano_R%C3%BCde_clp.JPG/400px-Mastino_Napoletano_R%C3%BCde_clp.JPG
342,Nederlandse Kooikerhondje,https://upload.wikimedia.org/wikipedia/commons/thumb/f/f0/Kooiker03.jpg/400px-Kooiker03.jpg
343,Nenets Herding Laika,https://upload.wikimedia.org/wikipedia/commons/thumb/3/32/%D0%9D%D0%B5%D0%BD%D0%B5%D1%86%D0%BA%D0%B0%D1%8F_%D0%BB%D0%B0%D0%B9%D0%BA%D0%B0_10.jpg/400px-%D0%9D%D0%B5%D0%BD%D0%B5%D1%86%D0%BA%D0%B0%D1%8F_%D0%BB%D0%B0%D0%B9%D0%BA%D0%B0_10.jpg
344,Newfoundland,https://upload.wikimedia.org/wikipedia/commons/thumb/5/5c/Bearb_josh04_07.JPG/400px-Bearb_josh04_07.JPG
345,New Guinea singing dog,https://upload.wikimedia.org/wikipedia/commons/thumb/4/43/New_Guinea_Singing_Dog_on_trail-Cropped.jpg/400px-New_Guinea_Singing_Dog_on_trail-Cropped.jpg
346,New Zealand Heading Dog,https:152
347,Norfolk Spaniel,https://upload.wikimedia.org/wikipedia/commons/thumb/c/cc/Dash-II-Norfolk-Spaniel.jpg/400px-Dash-II-Norfolk-Spaniel.jpg
348,Norfolk Terrier,https://upload.wikimedia.org/wikipedia/commons/thumb/b/be/Norfolk_terrier_CAC.jpg/400px-Norfolk_terrier_CAC.jpg
349,Norrbottenspets,https://upload.wikimedia.org/wikipedia/commons/thumb/2/2d/Nordic_Spitz.jpg/400px-Nordic_Spitz.jpg
350,North Country Beagle,https://upload.wikimedia.org/wikipedia/commons/thumb/6/6b/Beagle_%28PSF%29.png/400px-Beagle_%28PSF%29.png
351,Northern Inuit Dog,https://upload.wikimedia.org/wikipedia/commons/thumb/c/c9/Northern_Inuit_Dog.jpg/400px-Northern_Inuit_Dog.jpg
352,Norwegian Buhund,https://upload.wikimedia.org/wikipedia/commons/thumb/3/3b/Norwegian_Buhund_600.jpg/400px-Norwegian_Buhund_600.jpg
353,Norwegian Elkhound,https://upload.wikimedia.org/wikipedia/commons/thumb/d/d4/Norwegian_Elkhound.jpg/400px-Norwegian_Elkhound.jpg
354,Norwegian Lundehund,https://upload.wikimedia.org/wikipedia/commons/thumb/1/10/Lundehund-2003.jpg/400px-Lundehund-2003.jpg
355,Norwich Terrier,https://upload.wikimedia.org/wikipedia/commons/thumb/d/db/Norwichterrier.jpg/400px-Norwichterrier.jpg
356,Nova Scotia Duck Tolling Retriever,https://upload.wikimedia.org/wikipedia/commons/thumb/7/70/Tollers.jpg/400px-Tollers.jpg
357,Old Croatian Sighthound,https://user-images.githubusercontent.com/24848110/33519396-7e56363c-d79d-11e7-969b-09782f5ccbab.png
358,Old Danish Pointer,https://upload.wikimedia.org/wikipedia/commons/thumb/1/15/Wy%C5%BCe%C5%82_du%C5%84ski_123.jpg/400px-Wy%C5%BCe%C5%82_du%C5%84ski_123.jpg
359,Old English Bulldog,https://upload.wikimedia.org/wikipedia/commons/thumb/0/0a/CribandRosa1811.jpg/400px-CribandRosa1811.jpg
360,Old English Sheepdog,https://upload.wikimedia.org/wikipedia/commons/thumb/c/c8/Old_english_sheepdog_Ch_Bobbyclown%27s_Dare_for_More.jpg/400px-Old_english_sheepdog_Ch_Bobbyclown%27s_Dare_for_More.jpg
361,Old English Terrier,https://upload.wikimedia.org/wikipedia/commons/0/0f/Old_english_terrier_041.jpg
362,Old German Shepherd Dog,https://upload.wikimedia.org/wikipedia/commons/thumb/3/3d/Altdeutscher_Schaeferhund_cropped.jpg/400px-Altdeutscher_Schaeferhund_cropped.jpg
363,Old Spanish Pointer,https://upload.wikimedia.org/wikipedia/commons/c/c5/Spanish_Pointer_from_1915.JPG
364,Old Time Farm Shepherd,https://upload.wikimedia.org/wikipedia/commons/thumb/e/e2/Sable_and_White_Female_OTFS_Dog.JPG/400px-Sable_and_White_Female_OTFS_Dog.JPG
365,Old Welsh Grey Sheepdog,https://user-images.githubusercontent.com/24848110/33519396-7e56363c-d79d-11e7-969b-09782f5ccbab.png
366,Olde English Bulldogge,https://upload.wikimedia.org/wikipedia/commons/thumb/1/17/UKC_Olde_English_Bulldogge_Male.jpg/400px-UKC_Olde_English_Bulldogge_Male.jpg
367,Otterhound,https://upload.wikimedia.org/wikipedia/commons/thumb/5/5f/Two_otterhounds.jpg/400px-Two_otterhounds.jpg
368,Pachon Navarro,https://upload.wikimedia.org/wikipedia/commons/8/82/Pachon_navarro.jpeg
369,Pandikona,https://upload.wikimedia.org/wikipedia/commons/thumb/2/25/Pandikona.jpg/400px-Pandikona.jpg
370,Paisley Terrier,https://upload.wikimedia.org/wikipedia/commons/thumb/3/38/Paisley1903.jpg/400px-Paisley1903.jpg
371,Papillon,https://upload.wikimedia.org/wikipedia/commons/thumb/f/f7/RileyPapillon.JPG/400px-RileyPapillon.JPG
372,Parson Russell Terrier,https://upload.wikimedia.org/wikipedia/commons/thumb/f/fe/05052881_PRT_braun_rau.jpg/400px-05052881_PRT_braun_rau.jpg
373,Pastore della Lessinia e del Lagorai,https://upload.wikimedia.org/wikipedia/commons/thumb/4/46/Pastore_della_Lessinia_e_del_Lagorai.jpg/400px-Pastore_della_Lessinia_e_del_Lagorai.jpg
374,Patterdale Terrier,https://upload.wikimedia.org/wikipedia/commons/thumb/6/65/Nuttall-bred-patterdale-287612791962623GtT.jpg/400px-Nuttall-bred-patterdale-287612791962623GtT.jpg
375,Pekingese,https://upload.wikimedia.org/wikipedia/commons/thumb/2/28/PEKINGESE%2C_C.I.B._CZ_CH_DK_JV-12_HR_CH_NO_UCH_NORD_JV-12_SE_UCH_El%E2%80%99Mambee%E2%80%99s_Save_My_Love_%2824208350441%29.jpg/400px-PEKINGESE%2C_C.I.B._CZ_CH_DK_JV-12_HR_CH_NO_UCH_NORD_JV-12_SE_UCH_El%E2%80%99Mambee%E2%80%99s_Save_My_Love_%2824208350441%29.jpg
376,Perro de Pastor Mallorquin,https://upload.wikimedia.org/wikipedia/commons/thumb/8/80/Ca_de_bestiar.jpg/400px-Ca_de_bestiar.jpg
377,Perro de Presa Canario,https://upload.wikimedia.org/wikipedia/commons/thumb/c/cb/Dogo_Canario.jpg/400px-Dogo_Canario.jpg
378,Perro de Presa Mallorquin,https://upload.wikimedia.org/wikipedia/commons/thumb/5/54/Ca_de_bou_dog.jpg/400px-Ca_de_bou_dog.jpg
379,Peruvian Inca Orchid,https://upload.wikimedia.org/wikipedia/commons/8/81/PHDStandardStanding_-_Perro_Sin_Pelo_del_Per%C3%BA.jpg
380,Petit Basset Griffon Vendéen,https://upload.wikimedia.org/wikipedia/commons/thumb/0/0b/JillyCrufts-cropped2.JPG/400px-JillyCrufts-cropped2.JPG
381,Petit Bleu de Gascogne,https://upload.wikimedia.org/wikipedia/commons/thumb/3/33/Ma%C5%82y_go%C5%84czy_gasko%C5%84ski_Cita_z_Beckova_Cb5.jpg/400px-Ma%C5%82y_go%C5%84czy_gasko%C5%84ski_Cita_z_Beckova_Cb5.jpg
382,Phalène,https://upload.wikimedia.org/wikipedia/commons/thumb/8/87/Spaniel_miniaturowy_kontynentalny_phalene_00.jpg/400px-Spaniel_miniaturowy_kontynentalny_phalene_00.jpg
383,Pharaoh Hound,https://upload.wikimedia.org/wikipedia/commons/thumb/5/51/Pies_faraona_e34.jpg/400px-Pies_faraona_e34.jpg
384,Phu Quoc Ridgeback,https://upload.wikimedia.org/wikipedia/commons/thumb/f/f5/Phu_Quoc_dog.jpg/400px-Phu_Quoc_dog.jpg
385,Picardy Spaniel,https://upload.wikimedia.org/wikipedia/commons/thumb/c/cd/Epagneul_picard_685.jpg/400px-Epagneul_picard_685.jpg
386,Plott Hound,https://upload.wikimedia.org/wikipedia/commons/thumb/e/ea/Plott_Hound_at_a_show.jpg/400px-Plott_Hound_at_a_show.jpg
387,Plummer Terrier,https://upload.wikimedia.org/wikipedia/commons/thumb/7/7a/PlummerTerrier.jpg/400px-PlummerTerrier.jpg
388,Podenco Canario,https://upload.wikimedia.org/wikipedia/commons/thumb/a/a9/Podenco_canario_hembra.jpg/400px-Podenco_canario_hembra.jpg
389,Poitevin,https:197
390,Polish Greyhound,https://upload.wikimedia.org/wikipedia/commons/thumb/1/17/Chart_polski_67u7.jpg/400px-Chart_polski_67u7.jpg
391,Polish Hound,https://upload.wikimedia.org/wikipedia/commons/thumb/e/ed/PolishHound-MlChPl-OKSANA-ZOstregoBoru-wl.JoannaZembrzuska_3.JPG/400px-PolishHound-MlChPl-OKSANA-ZOstregoBoru-wl.JoannaZembrzuska_3.JPG
392,Polish Hunting Dog,https://upload.wikimedia.org/wikipedia/commons/f/fb/PolishScenthound-%22NUTKA_Klusujaca_Sfora_wl_A.Balcerzak.jpg
393,Polish Lowland Sheepdog,https://upload.wikimedia.org/wikipedia/commons/thumb/2/22/Polski_owczarek_nizinny_rybnik-kamien_pl.jpg/400px-Polski_owczarek_nizinny_rybnik-kamien_pl.jpg
394,Polish Tatra Sheepdog,https://upload.wikimedia.org/wikipedia/commons/thumb/8/87/Polski_Owczarek_Podhalanski.jpg/400px-Polski_Owczarek_Podhalanski.jpg
395,Pomeranian,https://upload.wikimedia.org/wikipedia/commons/thumb/6/6a/Pomeranian_600.jpg/400px-Pomeranian_600.jpg
396,Pont-Audemer Spaniel,https://upload.wikimedia.org/wikipedia/commons/thumb/a/a8/04031158_Epagneul_Pont_Audemer.jpg/400px-04031158_Epagneul_Pont_Audemer.jpg
397,Poodle,https://upload.wikimedia.org/wikipedia/commons/f/f3/Silver_Miniature_Poodle_stacked.jpg
398,Porcelaine,https://upload.wikimedia.org/wikipedia/commons/0/08/Porcelaine.jpg
399,Portuguese Podengo,https://upload.wikimedia.org/wikipedia/commons/thumb/c/c6/Evitarocks.jpg/400px-Evitarocks.jpg
400,Portuguese Pointer,https://upload.wikimedia.org/wikipedia/commons/thumb/2/2d/Wy%C5%BCe%C5%82_portugalski_123.jpg/400px-Wy%C5%BCe%C5%82_portugalski_123.jpg
401,Portuguese Water Dog,https://upload.wikimedia.org/wikipedia/commons/thumb/0/09/C%C3%A3o_de_agua_Portugu%C3%AAs_2.jpg/400px-C%C3%A3o_de_agua_Portugu%C3%AAs_2.jpg
402,Posavac Hound,https://user-images.githubusercontent.com/24848110/33519396-7e56363c-d79d-11e7-969b-09782f5ccbab.png
403,Potsdam Greyhound,https://user-images.githubusercontent.com/24848110/33519396-7e56363c-d79d-11e7-969b-09782f5ccbab.png
404,Pražský Krysařík,https://upload.wikimedia.org/wikipedia/commons/thumb/3/3d/Prazsky_krysarik_1.jpg/400px-Prazsky_krysarik_1.jpg
405,Pudelpointer,https://upload.wikimedia.org/wikipedia/commons/0/05/Pudelpointer_on_point.jpg
406,Pug,https://upload.wikimedia.org/wikipedia/commons/thumb/c/c1/Fawn_pug_2.5year-old.JPG/400px-Fawn_pug_2.5year-old.JPG
407,Puli,https://upload.wikimedia.org/wikipedia/commons/thumb/a/ab/PuliBlack_wb.jpg/400px-PuliBlack_wb.jpg
408,Pumi,https://upload.wikimedia.org/wikipedia/commons/thumb/6/67/Pumi_2.jpg/400px-Pumi_2.jpg
409,Pungsan,https://upload.wikimedia.org/wikipedia/commons/thumb/4/47/Poongsandogs.JPG/400px-Poongsandogs.JPG
410,Pyrenean Mastiff,https://upload.wikimedia.org/wikipedia/commons/thumb/1/11/MasPiri-Puma-FIN.jpg/400px-MasPiri-Puma-FIN.jpg
411,Pyrenean Shepherd,https://upload.wikimedia.org/wikipedia/commons/thumb/9/9d/PyreneanShepSmooth_wb.jpg/400px-PyreneanShepSmooth_wb.jpg
412,Rache,https://upload.wikimedia.org/wikipedia/commons/thumb/3/38/Hart_Hunting.jpg/400px-Hart_Hunting.jpg
413,Rafeiro do Alentejo,https://upload.wikimedia.org/wikipedia/commons/thumb/5/50/Rafeiro_male.jpg/400px-Rafeiro_male.jpg
414,Rajapalayam,https://upload.wikimedia.org/wikipedia/commons/3/3c/Rajapalayamcute.jpg
415,Rampur Greyhound,https://upload.wikimedia.org/wikipedia/commons/6/6c/Rampurgreyhound.jpg
416,Rastreador Brasileiro,https://upload.wikimedia.org/wikipedia/commons/thumb/a/a2/Rastreadora_Brasileira_Gaya.jpg/400px-Rastreadora_Brasileira_Gaya.jpg
417,Rat Terrier,https://upload.wikimedia.org/wikipedia/commons/thumb/4/4e/AmRatTerr2_wb.jpg/400px-AmRatTerr2_wb.jpg
418,Ratonero Bodeguero Andaluz,https://upload.wikimedia.org/wikipedia/commons/0/0e/Ratonero_Bodeguero_Andaluz.jpg
419,Ratonero Mallorquin,https://upload.wikimedia.org/wikipedia/commons/thumb/7/7a/Ratero_mallorquin.JPG/400px-Ratero_mallorquin.JPG
420,Ratonero Murciano de Huerta,https://user-images.githubusercontent.com/24848110/33519396-7e56363c-d79d-11e7-969b-09782f5ccbab.png
421,Ratonero Valenciano,https://upload.wikimedia.org/wikipedia/commons/thumb/7/7d/Ratonero_valenciano_hell.jpg/400px-Ratonero_valenciano_hell.jpg
422,Redbone Coonhound,https://upload.wikimedia.org/wikipedia/commons/thumb/d/d3/Memphis_the_Redbone_Coonhound_%287_Nov_2004%29.jpg/400px-Memphis_the_Redbone_Coonhound_%287_Nov_2004%29.jpg
423,Rhodesian Ridgeback,https://upload.wikimedia.org/wikipedia/commons/thumb/e/ec/Rhodesian_Ridgeback_600.jpg/400px-Rhodesian_Ridgeback_600.jpg
424,Romanian Mioritic Shepherd Dog,https://user-images.githubusercontent.com/24848110/33519396-7e56363c-d79d-11e7-969b-09782f5ccbab.png
425,Romanian Raven Shepherd Dog,https://user-images.githubusercontent.com/24848110/33519396-7e56363c-d79d-11e7-969b-09782f5ccbab.png
426,Rottweiler,https://upload.wikimedia.org/wikipedia/commons/thumb/5/57/Rottweiler.jpg/400px-Rottweiler.jpg
427,Russian Salon Dog,https://user-images.githubusercontent.com/24848110/33519396-7e56363c-d79d-11e7-969b-09782f5ccbab.png
428,Russian Spaniel,https://upload.wikimedia.org/wikipedia/commons/thumb/2/29/Russpaniel.jpg/400px-Russpaniel.jpg
429,Russian Toy,https://upload.wikimedia.org/wikipedia/commons/thumb/0/0a/RusskiyToyWelpe.jpg/400px-RusskiyToyWelpe.jpg
430,Russian Tracker,https://upload.wikimedia.org/wikipedia/commons/thumb/9/9c/Russian_Yellow_Retriever_from_1915.jpg/400px-Russian_Yellow_Retriever_from_1915.jpg
431,Russian Tsvetnaya Bolonka,https://upload.wikimedia.org/wikipedia/commons/thumb/f/f2/RUSSKAYA_TSVETNAYA_BOLONKA%2C_Rayskoe_Sotsvetie_Tsevtik_%2824264726856%29.jpg/400px-RUSSKAYA_TSVETNAYA_BOLONKA%2C_Rayskoe_Sotsvetie_Tsevtik_%2824264726856%29.jpg
432,Russo-European Laika,https://upload.wikimedia.org/wikipedia/commons/thumb/3/31/East_Siberian_Laika_in_Riga.JPG/400px-East_Siberian_Laika_in_Riga.JPG
433,Russell Terrier,https://upload.wikimedia.org/wikipedia/commons/thumb/7/73/FCI_JRT.jpg/400px-FCI_JRT.jpg
434,Saarloos Wolfdog,https://upload.wikimedia.org/wikipedia/commons/thumb/7/7e/Bow_bow.jpg/400px-Bow_bow.jpg
435,Sabueso Español,https://upload.wikimedia.org/wikipedia/commons/thumb/a/af/Angoi_de_A_Fonsagrada.JPG/400px-Angoi_de_A_Fonsagrada.JPG
436,Sabueso fino Colombiano,https://upload.wikimedia.org/wikipedia/commons/2/23/Colombianus_Finus.jpg
437,Saint Bernard,https://upload.wikimedia.org/wikipedia/commons/thumb/e/e3/Stbernardinsnow.jpg/400px-Stbernardinsnow.jpg
438,Saint John's water dog,https://upload.wikimedia.org/wikipedia/commons/thumb/e/ef/St_Johns_dog.jpg/400px-St_Johns_dog.jpg
439,Saint-Usuge Spaniel,https://upload.wikimedia.org/wikipedia/commons/thumb/2/27/EpagneuldeSaintUsuge.jpg/400px-EpagneuldeSaintUsuge.jpg
440,Sakhalin Husky,https://user-images.githubusercontent.com/24848110/33519396-7e56363c-d79d-11e7-969b-09782f5ccbab.png
441,Salish Wool Dog,https://upload.wikimedia.org/wikipedia/commons/thumb/9/93/PaulKane_-_A_Woman_Weaving_a_Blanket_%28ROM2005_5163%29.jpg/400px-PaulKane_-_A_Woman_Weaving_a_Blanket_%28ROM2005_5163%29.jpg
442,Saluki,https://upload.wikimedia.org/wikipedia/commons/thumb/a/a9/Saluki_dog_breed.jpg/400px-Saluki_dog_breed.jpg
443,Samoyed,https://upload.wikimedia.org/wikipedia/commons/thumb/a/a1/Samoyed_600.jpg/400px-Samoyed_600.jpg
444,Sapsali,https://upload.wikimedia.org/wikipedia/commons/thumb/3/38/Korea-Jeonju-Sapsal_dog_in_front_of_a_Hanok_Village-01.jpg/400px-Korea-Jeonju-Sapsal_dog_in_front_of_a_Hanok_Village-01.jpg
445,Šarplaninac,https://upload.wikimedia.org/wikipedia/commons/thumb/3/30/%D0%A8%D0%B0%D1%80%D0%BF%D0%BB%D0%B0%D0%BD%D0%B8%D0%BD%D0%B5%D1%86%D0%BE%D1%82_%D0%BE%D0%B4_%D0%A1%D0%B2.%D0%88%D0%BE%D0%B2%D0%B0%D0%BD_%D0%91%D0%B8%D0%B3%D0%BE%D1%80%D1%81%D0%BA%D0%B8.jpg/400px-%D0%A8%D0%B0%D1%80%D0%BF%D0%BB%D0%B0%D0%BD%D0%B8%D0%BD%D0%B5%D1%86%D0%BE%D1%82_%D0%BE%D0%B4_%D0%A1%D0%B2.%D0%88%D0%BE%D0%B2%D0%B0%D0%BD_%D0%91%D0%B8%D0%B3%D0%BE%D1%80%D1%81%D0%BA%D0%B8.jpg
446,Schapendoes,https://upload.wikimedia.org/wikipedia/commons/thumb/6/6f/Nederlandse-schapendoes-02.jpg/400px-Nederlandse-schapendoes-02.jpg
447,Schillerstövare,https://upload.wikimedia.org/wikipedia/commons/thumb/e/e7/Schillerst%C3%B6vare_bearbeitet.jpg/400px-Schillerst%C3%B6vare_bearbeitet.jpg
448,Schipperke,https://upload.wikimedia.org/wikipedia/commons/thumb/2/27/Schipperke_gismo_12.jpg/400px-Schipperke_gismo_12.jpg
449,Schweizer Laufhund,https://upload.wikimedia.org/wikipedia/commons/f/f8/Swiss_Hound.jpg
450,Schweizerischer Niederlaufhund,https://upload.wikimedia.org/wikipedia/commons/thumb/c/c6/08115491_Schwyzer_Niederlaufhund.jpg/400px-08115491_Schwyzer_Niederlaufhund.jpg
451,Scotch Collie,https://upload.wikimedia.org/wikipedia/commons/thumb/4/4a/Smooth_Collie_600.jpg/400px-Smooth_Collie_600.jpg
452,Scottish Deerhound,https://upload.wikimedia.org/wikipedia/commons/4/4a/Deerhound._F%27s_K.jpg
453,Scottish Terrier,https://upload.wikimedia.org/wikipedia/commons/thumb/0/07/Scottish_Terrier_Photo_of_Face.jpg/400px-Scottish_Terrier_Photo_of_Face.jpg
454,Sealyham Terrier,https://upload.wikimedia.org/wikipedia/commons/f/f2/SealyhamTerrier2.jpg
455,Segugio Italiano,https://upload.wikimedia.org/wikipedia/commons/thumb/6/69/Segugio_italiano_a_pelo_raso_aka_Short-haired_Italian_Hound.JPG/400px-Segugio_italiano_a_pelo_raso_aka_Short-haired_Italian_Hound.JPG
456,Segugio Maremmano,https://upload.wikimedia.org/wikipedia/commons/thumb/2/24/Segugio_Maremmano.jpg/400px-Segugio_Maremmano.jpg
457,Seppala Siberian Sleddog,https://upload.wikimedia.org/wikipedia/commons/thumb/3/33/Seppala_Siberian_Sleddog.jpg/400px-Seppala_Siberian_Sleddog.jpg
458,Serbian Hound,https://upload.wikimedia.org/wikipedia/commons/thumb/d/d3/Serbian_Hound_Face.JPG/400px-Serbian_Hound_Face.JPG
459,Serbian Tricolour Hound,https://upload.wikimedia.org/wikipedia/commons/e/ef/Srpski_Trobojni_Gonic.gif
460,Serrano Bulldog,https://upload.wikimedia.org/wikipedia/commons/thumb/4/48/Anuke.jpg/400px-Anuke.jpg
461,Seskar Seal Dog,https://upload.wikimedia.org/wikipedia/commons/thumb/7/76/Seiskarinkoira_Seiskari_dog.jpg/400px-Seiskarinkoira_Seiskari_dog.jpg
462,Shar-Pei,https://upload.wikimedia.org/wikipedia/commons/thumb/0/0b/BIR_Grupp_2-SHAR_PEI%2C_Sharpuggles_Moulin_Rouge_%2823605985414%29.jpg/400px-BIR_Grupp_2-SHAR_PEI%2C_Sharpuggles_Moulin_Rouge_%2823605985414%29.jpg
463,Shetland Sheepdog,https://upload.wikimedia.org/wikipedia/commons/thumb/a/a2/Shetland_Sheepdog_600.jpg/400px-Shetland_Sheepdog_600.jpg
464,Shiba Inu,https://upload.wikimedia.org/wikipedia/commons/thumb/6/6b/Taka_Shiba.jpg/400px-Taka_Shiba.jpg
465,Shih Tzu,https://upload.wikimedia.org/wikipedia/commons/thumb/3/30/Shih-Tzu.JPG/400px-Shih-Tzu.JPG
466,Shikoku,https://upload.wikimedia.org/wikipedia/commons/6/69/Shikokuken.jpg
467,Shiloh Shepherd,https://upload.wikimedia.org/wikipedia/commons/d/d2/Plushcoatshilohshepherd.jpg
468,Siberian Husky,https://upload.wikimedia.org/wikipedia/commons/thumb/c/ca/Siberian-husky.jpg/400px-Siberian-husky.jpg
469,Silken Windhound,https://upload.wikimedia.org/wikipedia/commons/thumb/d/dc/Fallon_the_Silken_Windhound.jpg/400px-Fallon_the_Silken_Windhound.jpg
470,Silky Terrier,https://upload.wikimedia.org/wikipedia/commons/thumb/b/b3/SILKY_TERRIER%2C_Paradise_Passion_Every_Inch_A_Lady_%2824182688032%29.jpg/400px-SILKY_TERRIER%2C_Paradise_Passion_Every_Inch_A_Lady_%2824182688032%29.jpg
471,Sinhala Hound,https://user-images.githubusercontent.com/24848110/33519396-7e56363c-d79d-11e7-969b-09782f5ccbab.png
472,Skye Terrier,https://upload.wikimedia.org/wikipedia/commons/thumb/6/61/Skye_terrier_800.jpg/400px-Skye_terrier_800.jpg
473,Sloughi,https://upload.wikimedia.org/wikipedia/commons/1/18/Sloughi_sandcolor.jpg
474,Slovakian Wirehaired Pointer,https://upload.wikimedia.org/wikipedia/commons/thumb/7/7f/ICh_Brita_z_Ruzenice.jpg/400px-ICh_Brita_z_Ruzenice.jpg
475,Slovensky Cuvac,https://upload.wikimedia.org/wikipedia/commons/thumb/c/c6/Cuvac_1.jpg/400px-Cuvac_1.jpg
476,Slovensky Kopov,https://upload.wikimedia.org/wikipedia/commons/thumb/5/56/MVP_Nitra_2004_%288%29.jpg/400px-MVP_Nitra_2004_%288%29.jpg
477,Smålandsstövare,https://upload.wikimedia.org/wikipedia/commons/thumb/e/e0/Smaland-St%C3%B6vare.jpg/400px-Smaland-St%C3%B6vare.jpg
478,Small Münsterländer,https://upload.wikimedia.org/wikipedia/commons/thumb/6/6a/Kleiner_Munsterlander_edit.jpg/400px-Kleiner_Munsterlander_edit.jpg
479,Small Greek Domestic Dog,https://upload.wikimedia.org/wikipedia/commons/thumb/c/cb/SmallGreekDomesticDog.jpg/400px-SmallGreekDomesticDog.jpg
480,Smithfield,https://user-images.githubusercontent.com/24848110/33519396-7e56363c-d79d-11e7-969b-09782f5ccbab.png
481,Soft-Coated Wheaten Terrier,https://upload.wikimedia.org/wikipedia/commons/thumb/3/3e/Dog2wheaten.jpg/400px-Dog2wheaten.jpg
482,South Russian Ovcharka,https://upload.wikimedia.org/wikipedia/commons/2/25/South_Russian_Ovcharka.jpg
483,Southern Hound,https://upload.wikimedia.org/wikipedia/commons/thumb/0/06/Southern_Hound.jpg/400px-Southern_Hound.jpg
484,Spanish Mastiff,https://upload.wikimedia.org/wikipedia/commons/thumb/f/f7/Mastif_hiszpanski_pl.jpg/400px-Mastif_hiszpanski_pl.jpg
485,Spanish Water Dog,https://upload.wikimedia.org/wikipedia/commons/thumb/9/9f/Perro_agua.jpg/400px-Perro_agua.jpg
486,Spinone Italiano,https://upload.wikimedia.org/wikipedia/commons/thumb/9/99/Spinone_italiano_Oliver.jpg/400px-Spinone_italiano_Oliver.jpg
487,Sporting Lucas Terrier,https://upload.wikimedia.org/wikipedia/commons/thumb/1/16/LucasTerrier.jpg/400px-LucasTerrier.jpg
488,Stabyhoun,https://upload.wikimedia.org/wikipedia/commons/thumb/f/f2/AStabijs_-_world_dog_show_2010.jpg/400px-AStabijs_-_world_dog_show_2010.jpg
489,Staffordshire Bull Terrier,https://upload.wikimedia.org/wikipedia/commons/thumb/1/1a/Staffordshire_Bull_Terrier_600.jpg/400px-Staffordshire_Bull_Terrier_600.jpg
490,Standard Manchester Terrier,https://upload.wikimedia.org/wikipedia/commons/thumb/6/62/Mancherster_Terrier.jpg/400px-Mancherster_Terrier.jpg
491,Standard Schnauzer,https://upload.wikimedia.org/wikipedia/commons/a/a1/Emppumenossa.jpg
492,Stephens Cur,https://upload.wikimedia.org/wikipedia/commons/4/4c/Stephens_Cur.jpg
493,Styrian Coarse-haired Hound,https://upload.wikimedia.org/wikipedia/commons/thumb/1/1b/Steirische_Rauhhaarbracke.jpg/400px-Steirische_Rauhhaarbracke.jpg
494,Sussex Spaniel,https://upload.wikimedia.org/wikipedia/commons/thumb/c/c9/Sussex_spaniel_t43.jpg/400px-Sussex_spaniel_t43.jpg
495,Swedish Lapphund,https://upload.wikimedia.org/wikipedia/commons/thumb/0/0f/Svensk_lapphund.JPG/400px-Svensk_lapphund.JPG
496,Swedish Vallhund,https://upload.wikimedia.org/wikipedia/commons/thumb/a/a5/BIR_Grupp_5-_V%C3%84STG%C3%96TASPETS%2C_Skogsbygdens_Nora_Supernova_%2824234228695%29.jpg/400px-BIR_Grupp_5-_V%C3%84STG%C3%96TASPETS%2C_Skogsbygdens_Nora_Supernova_%2824234228695%29.jpg
497,Tahitian Dog,https://upload.wikimedia.org/wikipedia/commons/thumb/4/4d/Double_canoes._Tipaerua%2C_1769-71_%28crop_of_dog%29.jpg/400px-Double_canoes._Tipaerua%2C_1769-71_%28crop_of_dog%29.jpg
498,Tahltan Bear Dog,https://upload.wikimedia.org/wikipedia/commons/thumb/d/da/Tahltan_Bear_Dog_sketch2.jpg/400px-Tahltan_Bear_Dog_sketch2.jpg
499,Taigan,https://upload.wikimedia.org/wikipedia/commons/thumb/2/2a/Taigan.jpg/400px-Taigan.jpg
500,Taiwan Dog,https://upload.wikimedia.org/wikipedia/commons/b/b0/Formosan_nina.jpg
501,Talbot Hound,https://upload.wikimedia.org/wikipedia/commons/thumb/e/e2/Cartercrest.jpg/400px-Cartercrest.jpg
502,Tamaskan Dog,https://upload.wikimedia.org/wikipedia/commons/thumb/8/8d/Tamaskan.jpg/400px-Tamaskan.jpg
503,Teddy Roosevelt Terrier,https://upload.wikimedia.org/wikipedia/commons/7/73/Teddyterrier.jpg
504,Telomian,https://upload.wikimedia.org/wikipedia/commons/8/89/Telomian.jpg
505,Tenterfield Terrier,https://upload.wikimedia.org/wikipedia/commons/thumb/b/b2/Rosie_the_Champion_Tenterfield_Terrier.jpg/400px-Rosie_the_Champion_Tenterfield_Terrier.jpg
506,Terrier Brasileiro,https://upload.wikimedia.org/wikipedia/commons/5/54/Brazilian_terrier.JPG
507,Tesem,https://upload.wikimedia.org/wikipedia/commons/4/42/Tesem_couple.png
508,Thai Bangkaew Dog,https://user-images.githubusercontent.com/24848110/33519396-7e56363c-d79d-11e7-969b-09782f5ccbab.png
509,Thai Ridgeback,https://upload.wikimedia.org/wikipedia/commons/thumb/d/d6/Thai-Ridgeback.jpg/400px-Thai-Ridgeback.jpg
510,Tibetan Mastiff,https://upload.wikimedia.org/wikipedia/commons/thumb/d/da/Tibetan_Mastiff-10-GCH-Comancheria%27s_Ciye_Chiricahua_Cochise_%2816558783846%29.jpg/400px-Tibetan_Mastiff-10-GCH-Comancheria%27s_Ciye_Chiricahua_Cochise_%2816558783846%29.jpg
511,Tibetan Spaniel,https://upload.wikimedia.org/wikipedia/commons/thumb/3/38/Tibetansk_spaniel.jpg/400px-Tibetansk_spaniel.jpg
512,Tibetan Terrier,https://upload.wikimedia.org/wikipedia/commons/thumb/d/d7/TIBETANSK_TERRIER%2C_C.I.B._DK_V-12_JWW-12_NORD_UCH_NORD_V-12_Kuai_Le_Gou%E2%80%99s_Smash_Hit_%2824182687372%29.jpg/400px-TIBETANSK_TERRIER%2C_C.I.B._DK_V-12_JWW-12_NORD_UCH_NORD_V-12_Kuai_Le_Gou%E2%80%99s_Smash_Hit_%2824182687372%29.jpg
513,Tornjak,https://user-images.githubusercontent.com/24848110/33519396-7e56363c-d79d-11e7-969b-09782f5ccbab.png
514,Tosa,https://upload.wikimedia.org/wikipedia/commons/thumb/5/56/BUKADAI_2.jpg/400px-BUKADAI_2.jpg
515,Toy Bulldog,https://upload.wikimedia.org/wikipedia/commons/thumb/6/62/Toy_Bulldog_Little_Knot_1903.jpg/400px-Toy_Bulldog_Little_Knot_1903.jpg
516,Toy Fox Terrier,https://upload.wikimedia.org/wikipedia/commons/thumb/2/24/Toy_Fox_Terrier_2.jpg/400px-Toy_Fox_Terrier_2.jpg
517,Toy Manchester Terrier,https://upload.wikimedia.org/wikipedia/commons/thumb/a/ab/Toy-manchester-terrier-weave.png/400px-Toy-manchester-terrier-weave.png
518,Toy Trawler Spaniel,https://upload.wikimedia.org/wikipedia/commons/5/58/Toytrawlerspaniel.jpg
519,Transylvanian Hound,https://upload.wikimedia.org/wikipedia/commons/thumb/d/d8/Erdelyi_kopo_VadaszNimrodSzeder01.jpg/400px-Erdelyi_kopo_VadaszNimrodSzeder01.jpg
520,Treeing Cur,https://user-images.githubusercontent.com/24848110/33519396-7e56363c-d79d-11e7-969b-09782f5ccbab.png
521,Treeing Tennessee Brindle,https://upload.wikimedia.org/wikipedia/commons/thumb/b/be/Sienna_TTBD.jpg/400px-Sienna_TTBD.jpg
522,Treeing Walker Coonhound,https://upload.wikimedia.org/wikipedia/commons/thumb/4/46/Treeing-walker-coonhound-standing.jpg/400px-Treeing-walker-coonhound-standing.jpg
523,Trigg Hound,https://upload.wikimedia.org/wikipedia/en/thumb/c/c2/Ned_%28Trigg%29.png/400px-Ned_%28Trigg%29.png
524,Turnspit,https://upload.wikimedia.org/wikipedia/commons/5/5c/Turnspitdog-1862.jpg
525,Tweed Water Spaniel,https://upload.wikimedia.org/wikipedia/commons/9/98/Tweed_Water_Spaniel.jpg
526,Tyrolean Hound,https://upload.wikimedia.org/wikipedia/commons/thumb/d/d0/Tiroler_Bracke.jpg/400px-Tiroler_Bracke.jpg
527,Cimarrón Uruguayo,https://upload.wikimedia.org/wikipedia/commons/thumb/4/48/Boqueron_de_Quilligan.JPG/400px-Boqueron_de_Quilligan.JPG
528,Vanjari Hound,https://upload.wikimedia.org/wikipedia/commons/2/21/Banjara_from_1915.JPG
529,Villano de Las Encartaciones,https://upload.wikimedia.org/wikipedia/commons/thumb/b/b3/Billano_arra1.JPG/400px-Billano_arra1.JPG
530,Villanuco de Las Encartaciones,https://user-images.githubusercontent.com/24848110/33519396-7e56363c-d79d-11e7-969b-09782f5ccbab.png
531,Vizsla,https://upload.wikimedia.org/wikipedia/commons/thumb/8/89/Vizsla_02.jpg/400px-Vizsla_02.jpg
532,Volpino Italiano,https://upload.wikimedia.org/wikipedia/commons/b/b7/Volpino04.jpg
533,Weimaraner,https://upload.wikimedia.org/wikipedia/commons/thumb/3/32/Weimaraner_wb.jpg/400px-Weimaraner_wb.jpg
534,"Welsh Corgi, Cardigan",https://upload.wikimedia.org/wikipedia/commons/thumb/c/c0/Cardigan_Welsh_Corgi_600.jpg/400px-Cardigan_Welsh_Corgi_600.jpg
535,"Welsh Corgi, Pembroke",https://upload.wikimedia.org/wikipedia/commons/thumb/b/bf/Pembroke_Welsh_Corgi_600.jpg/400px-Pembroke_Welsh_Corgi_600.jpg
536,Welsh Hillman,https://user-images.githubusercontent.com/24848110/33519396-7e56363c-d79d-11e7-969b-09782f5ccbab.png
537,Welsh Sheepdog,https://upload.wikimedia.org/wikipedia/commons/thumb/8/85/Welsh_Sheepdog.jpg/400px-Welsh_Sheepdog.jpg
538,Welsh Springer Spaniel,https://upload.wikimedia.org/wikipedia/commons/thumb/a/ab/Welsh_Springer_Spaniel_1.jpg/400px-Welsh_Springer_Spaniel_1.jpg
539,Welsh Terrier,https://upload.wikimedia.org/wikipedia/commons/thumb/2/2b/Welch_Terrier_on_sand_-_2007.png/400px-Welch_Terrier_on_sand_-_2007.png
540,West Highland White Terrier,https://upload.wikimedia.org/wikipedia/commons/thumb/2/2c/West_Highland_White_Terrier_Krakow.jpg/400px-West_Highland_White_Terrier_Krakow.jpg
541,West Siberian Laika,https://upload.wikimedia.org/wikipedia/commons/thumb/2/2b/West_Siberian_Laika.jpg/400px-West_Siberian_Laika.jpg
542,Westphalian Dachsbracke,https://upload.wikimedia.org/wikipedia/commons/thumb/8/80/Westf%C3%A4lische_Dachsbracke.jpg/400px-Westf%C3%A4lische_Dachsbracke.jpg
543,Wetterhoun,https://upload.wikimedia.org/wikipedia/commons/thumb/d/dd/Fryzyjski_pies_wodny_u68.jpg/400px-Fryzyjski_pies_wodny_u68.jpg
544,Whippet,https://upload.wikimedia.org/wikipedia/commons/thumb/5/5e/WhippetWhiteSaddled_wb.jpg/400px-WhippetWhiteSaddled_wb.jpg
545,White Shepherd,https://upload.wikimedia.org/wikipedia/commons/thumb/3/30/Schweizer_Sch%C3%A4ferhund%2C_9_Monate.JPG/400px-Schweizer_Sch%C3%A4ferhund%2C_9_Monate.JPG
546,Wirehaired Pointing Griffon,https://upload.wikimedia.org/wikipedia/commons/thumb/4/4b/Korthalsgriffon.jpg/400px-Korthalsgriffon.jpg
547,Wirehaired Vizsla,https://upload.wikimedia.org/wikipedia/commons/thumb/1/1f/Drahthaarvizsla.jpg/400px-Drahthaarvizsla.jpg
548,Xiasi Dog,https://upload.wikimedia.org/wikipedia/commons/thumb/a/ad/Xiasi_Quan_dog.jpg/400px-Xiasi_Quan_dog.jpg
549,Xoloitzcuintli,https://upload.wikimedia.org/wikipedia/commons/thumb/c/c2/Mexico.Xoloitzcuintle.01.jpg/400px-Mexico.Xoloitzcuintle.01.jpg
550,Yakutian Laika,https://upload.wikimedia.org/wikipedia/commons/thumb/7/7c/Yl02.jpg/500px-Yl02.jpg
551,Yorkshire Terrier,https://upload.wikimedia.org/wikipedia/commons/8/8f/Yorkshire_Terrier_WA_Mozart_Dolce_Sinfonia.jpg
